{"type": "FeatureCollection", "crs": {"type": "name", "properties": {"name": "urn:ogc:def:crs:OGC:1.3:CRS84"}}, "features": [{"type": "Feature", "properties": {"name": "Khu phố 1A", "code": "KP1A", "area_ha": 200.21, "ward_area_ha": 1669.11}, "geometry": {"type": "MultiPolygon", "coordinates": [[[[106.74939665372328, 10.963242060464186], [106.7493165365374, 10.96324232309399], [106.7493111103177, 10.963319181138118], [106.74921968911224, 10.96333865759852], [106.74922023166442, 10.963500279628384], [106.74912881039599, 10.963519756066717], [106.74912935290801, 10.963681378099166], [106.74903793157661, 10.963700854515418], [106.74903847404849, 10.96386247655045], [106.7489470526541, 10.963881952944629], [106.74894759508581, 10.964043574982243], [106.74885617362847, 10.964063051354342], [106.74885671602001, 10.96422467339454], [106.7487652944997, 10.964244149744562], [106.74876583685109, 10.964405771787343], [106.74867441526781, 10.964425248115287], [106.74867495757901, 10.964586870160648], [106.74858353593277, 10.96460634646651], [106.7485840782038, 10.964767968514453], [106.74849265649458, 10.964787444798235], [106.74849319872546, 10.964949066848755], [106.74840177695326, 10.964968543110459], [106.74840231914395, 10.965130165163561], [106.74831089730877, 10.96514964140318], [106.7483114394593, 10.96531126345886], [106.74822001756115, 10.965330739676395], [106.7482205596715, 10.965492361734656], [106.74812913771036, 10.965511837930107], [106.74812967978055, 10.965673459990942], [106.74803825775643, 10.96569293616431], [106.74803879978643, 10.965854558227722], [106.74794737769935, 10.965874034379004], [106.74794791968915, 10.966035656445], [106.74785649753909, 10.966055132574189], [106.74785703948872, 10.966216754642762], [106.74776561727569, 10.966236230749864], [106.74776615918513, 10.966397852821013], [106.7476747369091, 10.966417328906026], [106.74767527877836, 10.96657895097975], [106.74758385643935, 10.966598427042676], [106.7475847013309, 10.966850448453851], [106.74749327890169, 10.9668699244971], [106.7474938206953, 10.967031546574999], [106.7474023982031, 10.967051022596154], [106.74740293995653, 10.96721264467663], [106.74731151740136, 10.967232120675689], [106.7473120591146, 10.967393742758743], [106.74722063649642, 10.967413218735707], [106.74722117816947, 10.967574840821332], [106.7471297554883, 10.967594316776202], [106.74713029712116, 10.967755938864403], [106.74703887437701, 10.967775414797176], [106.74703941596965, 10.967937036887948], [106.74694799316252, 10.967956512798622], [106.74694853471497, 10.968118134891972], [106.74685711184485, 10.968137610780548], [106.74685795624235, 10.96838963222232], [106.74676653328201, 10.968409108091207], [106.74676679850785, 10.9684882740482], [106.74684458147809, 10.968493636362256], [106.74685858863532, 10.968578374118888], [106.74695014015622, 10.968597251411177], [106.74695068174225, 10.968758873497636], [106.74702846478279, 10.96876423575816], [106.7470424720113, 10.968848973499153], [106.7471202550751, 10.968854335734001], [106.74713426233595, 10.968939073467615], [106.747212045423, 10.968944435676788], [106.74722605271617, 10.969029173403028], [106.74730383582646, 10.969034535586522], [106.74731784315195, 10.969119273305386], [106.74739562628551, 10.969124635463201], [106.7474096336433, 10.969209373174685], [106.74748741680014, 10.96921473530682], [106.74750142419025, 10.96929947301093], [106.74757920737032, 10.969304835117388], [106.74759321479277, 10.969389572814118], [106.74767099799611, 10.969394934894902], [106.74768500545086, 10.969479672584251], [106.74777655728447, 10.96949854959817], [106.74777709936504, 10.969660171634253], [106.74785488263866, 10.969665533661493], [106.74786889016474, 10.969750271335197], [106.74794667346163, 10.969755633336755], [106.74796068102, 10.969840371003082], [106.74803846434015, 10.969845732978959], [106.74805247193086, 10.969930470637903], [106.74813025527428, 10.969935832588098], [106.7481442628973, 10.970020570239665], [106.74822204626398, 10.97002593216418], [106.74823605391931, 10.970110669808369], [106.74831383730925, 10.970116031707198], [106.74832784499692, 10.970200769344006], [106.74840562841011, 10.970206131217157], [106.74841963613011, 10.970290868846583], [106.74849741956656, 10.970296230694048], [106.74851142731887, 10.970380968316093], [106.74858921077859, 10.970386330137877], [106.74860321856322, 10.97047106775254], [106.7486810020462, 10.97047642954864], [106.74869500986316, 10.97056116715592], [106.74877279336938, 10.970566528926335], [106.74878680121869, 10.97065126652624], [106.74887835345977, 10.970670143169812], [106.74888429581873, 10.970746963917513], [106.74904786405241, 10.970746427590237], [106.74906855958037, 10.970819907594763], [106.74914915251044, 10.970790716238634], [106.74916679827929, 10.970746037559195], [106.74927208923346, 10.970745265526089], [106.74941289123154, 10.970689904143928], [106.74942515445343, 10.970035548116586], [106.74947531851504, 10.97001629739367], [106.7495153757578, 10.96993586848822], [106.7499684168679, 10.969883697893886], [106.7499731686139, 10.969762549270243], [106.75003720479666, 10.969745169832379], [106.75007772589586, 10.969567845571007], [106.75014176712929, 10.969567635365891], [106.75016003628912, 10.969608916460805], [106.75033215372952, 10.969657149065995], [106.75050802103975, 10.969656833173014], [106.75052634155105, 10.969711500516691], [106.75057268247237, 10.969718765642925], [106.75061266914157, 10.969489249093499], [106.75070261168518, 10.969385745430134], [106.750703548411, 10.969308150171557], [106.7507738458143, 10.969292301714207], [106.75079473168202, 10.969217450462104], [106.75085900151203, 10.969201581696854], [106.75088591489748, 10.969126750729723], [106.75097539993578, 10.969078514359758], [106.75097679390231, 10.968945651746415], [106.75106640291655, 10.96884589562529], [106.75106767280397, 10.968764552743615], [106.75113291867127, 10.96874795873834], [106.75115885580246, 10.968673852946429], [106.75124887470156, 10.968576153215439], [106.75124973452026, 10.968492753903211], [106.7513163860048, 10.96847616345041], [106.75134091738246, 10.968402054062166], [106.75142923301668, 10.96830813725147], [106.75111292312262, 10.967939362032757], [106.75106484408043, 10.967923839910668], [106.7510294432035, 10.96784923603494], [106.75097305301271, 10.96783374119757], [106.7509459633354, 10.967759110009288], [106.75088126200058, 10.967743642451397], [106.75087000000008, 10.96767600000004], [106.75115236533277, 10.967441697201332], [106.75116827463698, 10.967394658778195], [106.7512435983941, 10.967365993156275], [106.75125945721983, 10.967303958982548], [106.75133483140824, 10.967290289087614], [106.75135063974709, 10.967213259163977], [106.75142981346369, 10.967211474042491], [106.75151300000005, 10.967138000000036], [106.75161142252597, 10.967225962220258], [106.75163803874209, 10.96730018142202], [106.75170321356556, 10.967316060744059], [106.75170479736458, 10.96738654356222], [106.75184166439698, 10.967570530195816], [106.7518870356306, 10.96756748033521], [106.75188555153167, 10.967126717646705], [106.75179400029201, 10.967107841823397], [106.75179102148428, 10.966223026202359], [106.7516994705313, 10.966204150324522], [106.75169618798816, 10.965228935395423], [106.7516046373502, 10.96521005946042], [106.75160165963355, 10.96432524367801], [106.75151010928225, 10.96430636768849], [106.75150774041902, 10.963602350319468], [106.75115550193517, 10.963597890549087], [106.75113579085733, 10.963507555026816], [106.75051479872734, 10.963509593722327], [106.7504950878485, 10.963419258140474], [106.74996558137279, 10.96342099544485], [106.74994587066577, 10.963330659811781], [106.74940259589422, 10.96331888123985], [106.74939665372328, 10.963242060464186]]], [[[106.74864308957903, 10.943261436674963], [106.74867600000005, 10.943119000000024], [106.748676019524, 10.943118902380288], [106.74864308957903, 10.943261436674963]]], [[[106.74860353623146, 10.943279735862598], [106.74860386674159, 10.943431193412035], [106.7486430895725, 10.94326143670328], [106.74860353623146, 10.943279735862598]]], [[[106.7383811350305, 10.950345067232474], [106.73843896380478, 10.950349056072616], [106.73845938176424, 10.950353267082793], [106.73845891327167, 10.950350432119157], [106.73847291676111, 10.95043517064307], [106.73855069502552, 10.950440535504137], [106.73848588464851, 10.950436065122053], [106.73848665767918, 10.950440742915665], [106.73855146805721, 10.950445213297488], [106.73856469854721, 10.950525274020704], [106.73864247683485, 10.950530638856153], [106.73857766643847, 10.950526168495422], [106.73857843947091, 10.950530846288622], [106.73864324986832, 10.950535316649098], [106.73865648038878, 10.950615377365375], [106.73866975282294, 10.950618114665568], [106.73867022131815, 10.950620949628616], [106.73869017080308, 10.95062232565834], [106.73868089801645, 10.950620413244218], [106.73874802598415, 10.95063425767022], [106.73875396488363, 10.950711078978058], [106.7389175226164, 10.950710549046072], [106.73893722886326, 10.950800885831205], [106.7391007866362, 10.95080035579672], [106.73911479033812, 10.950885094270987], [106.73920633603467, 10.950903974428257], [106.7392122750631, 10.950980795715077], [106.73937583292114, 10.950980265524606], [106.73938983671317, 10.951065003977716], [106.7394476656245, 10.951068992613157], [106.73946808364244, 10.951073203550104], [106.73946761513866, 10.951070368589084], [106.73948161896294, 10.951155107034845], [106.73949489142598, 10.951157844296295], [106.73949535993022, 10.95116067925722], [106.73951530945052, 10.951162055229469], [106.73950603664373, 10.951160142842411], [106.7395731647574, 10.951173987072476], [106.73957910389137, 10.95125080834211], [106.73974266187939, 10.951250277942156], [106.73975666579379, 10.951335016366757], [106.73981449475657, 10.95133900492761], [106.73983491279635, 10.951343215837873], [106.73983444428849, 10.951340380877806], [106.73984844823514, 10.951425119295056], [106.73992622675304, 10.951430483780486], [106.7398614161648, 10.951426013711414], [106.73986218922069, 10.951430691499136], [106.73992699980997, 10.951435161567952], [106.73994023073195, 10.95151522219039], [106.73995350321374, 10.951517959430062], [106.73995397172317, 10.951520794389786], [106.73997392126716, 10.951522170329733], [106.73996464844727, 10.951520257957888], [106.74003177665588, 10.951534102077806], [106.74003228723613, 10.951687781453474], [106.74003771592277, 10.951610923325799], [106.74011783020677, 10.9516106634067], [106.74012060021893, 10.951597547987332], [106.740123469129, 10.951597085020525], [106.74012486153576, 10.951577371555178], [106.74013693614809, 10.951520200812453], [106.740757905249, 10.951518185432555], [106.74077701098895, 10.951427722815154], [106.74175586998939, 10.951424543287441], [106.74177557714701, 10.951514879805936], [106.74213586695089, 10.951527268773573], [106.74213667959876, 10.951771347625332], [106.74204526120869, 10.951790821679905], [106.7420461002475, 10.952042843760927], [106.74195468176735, 10.952062317795813], [106.7419555207509, 10.952314339879303], [106.74186410218067, 10.952333813894501], [106.74186524203499, 10.952676235556837], [106.74177382334751, 10.952695709554744], [106.74177466222778, 10.952947731641654], [106.74168324345023, 10.952967205619872], [106.7416840822752, 10.95321922770925], [106.74159266340756, 10.953238701667772], [106.74159350217724, 10.953490723759614], [106.74150208321952, 10.953510197698446], [106.74150324921837, 10.953860562599235], [106.74159479593347, 10.953879441943267], [106.74159563475521, 10.954131464024387], [106.74167341397575, 10.954136827999061], [106.74169312136183, 10.954227164493613], [106.74185668087848, 10.95422663281819], [106.74187638832747, 10.954316969295009], [106.74241391835035, 10.954315221304824], [106.74243302368161, 10.95422475862826], [106.74287103206308, 10.95422333355536], [106.74289013724953, 10.954132870862274], [106.74323666251091, 10.954131742974], [106.74325576758089, 10.954041280267704], [106.74369377558291, 10.954039854037353], [106.74371288050811, 10.953949391314548], [106.74415088831407, 10.953947964439848], [106.74416999309447, 10.953857501700545], [106.74460800070433, 10.953856074181504], [106.74462710533994, 10.953765611425705], [106.74506511275366, 10.953764183262336], [106.74508421724452, 10.953673720490047], [106.74508417365357, 10.953673926900128], [106.74530765758035, 10.953678963895067], [106.74533700000006, 10.953365000000078], [106.74535000000009, 10.953106000000048], [106.7457332095184, 10.95233531364717], [106.74576200000007, 10.952241000000072], [106.7457810000001, 10.95217800000006], [106.74584700000008, 10.951890000000047], [106.74586500000004, 10.95179500000006], [106.74592700000005, 10.95146500000004], [106.74594100000007, 10.951391000000056], [106.74647395147811, 10.949527184496409], [106.74647400000003, 10.949527000000044], [106.74652700000007, 10.949266000000023], [106.74656300000004, 10.949091000000067], [106.74658300000004, 10.948984000000056], [106.7466248712786, 10.94875678703991], [106.74686500000007, 10.947531000000028], [106.74696000000006, 10.94722800000005], [106.74807000000004, 10.94477500000005], [106.7483128412432, 10.944693394673426], [106.74834000000004, 10.944577000000036], [106.74834558686004, 10.944551859130916], [106.74836949411565, 10.94444852534072], [106.74839100000008, 10.944356000000026], [106.74842352731362, 10.944211950466725], [106.74836619433452, 10.944442157495278], [106.74816374914508, 10.944442819319578], [106.74814404074822, 10.944352483301168], [106.74779752737405, 10.944353615763706], [106.74777781909435, 10.94426327971086], [106.74752278556375, 10.944264112928085], [106.74750307737406, 10.944173776849144], [106.74715656413962, 10.944174908566174], [106.7471368560671, 10.944084572452804], [106.74688182263935, 10.944085405121337], [106.74686211465684, 10.943995068981879], [106.74651560156215, 10.943996199953418], [106.74649589369679, 10.943905863779538], [106.74624086037191, 10.943906695899406], [106.74622115259658, 10.94381635969944], [106.74587463964168, 10.943817489925515], [106.7458549319835, 10.943727153691134], [106.74559989876153, 10.94372798526235], [106.74558019119335, 10.943637649001893], [106.74523367837831, 10.943638778482528], [106.7452139709273, 10.943548442187664], [106.74495893780825, 10.943549273210245], [106.74493923044724, 10.943458936889305], [106.74468419738336, 10.943459767675757], [106.74466449011236, 10.943369431328751], [106.74431797751215, 10.94337055974315], [106.74429827035829, 10.943280223361745], [106.7440432373974, 10.943281053599586], [106.74402353033355, 10.943190717192115], [106.74376849742785, 10.943191547193845], [106.74374879045398, 10.943101210760315], [106.74338851097038, 10.943088822804931], [106.743382571212, 10.943012001640607], [106.74294457937151, 10.94301342600739], [106.7429248726591, 10.942923089496764], [106.74248688088815, 10.942924513195772], [106.74246717432007, 10.942834176642442], [106.74175474412937, 10.942836491001891], [106.74173503778705, 10.942746154380897], [106.74038225112726, 10.94275054426991], [106.74036254520084, 10.942660207523021], [106.73992455347484, 10.94266162751393], [106.73990484769274, 10.942571290724372], [106.73955833551821, 10.942572413657848], [106.73953862985326, 10.942482076833947], [106.73919211774387, 10.942483199342927], [106.73917241219606, 10.942392862484684], [106.73882590015184, 10.942393984569174], [106.73880619472116, 10.942303647676594], [106.73845968274212, 10.942304769336598], [106.7384399774286, 10.942214432409687], [106.73818494492502, 10.942215257676368], [106.73816523970149, 10.942124920723439], [106.73781872786276, 10.942126041638241], [106.73779902275638, 10.94203570465099], [106.73745251098288, 10.942036825141328], [106.73743280599362, 10.941946488119754], [106.73708629428535, 10.941947608185634], [106.73706658941323, 10.941857271129741], [106.7367200777702, 10.94185839077117], [106.73670037301521, 10.941768053680969], [106.73644534075899, 10.941768877462001], [106.736425636094, 10.941678540345798], [106.73607912459141, 10.941679659242087], [106.73605942004355, 10.941589322091577], [106.73588782907427, 10.941589876003148], [106.73588269806889, 10.941757133988688], [106.7357912821161, 10.941776605950793], [106.73579211508499, 10.94202862867458], [106.73570069904221, 10.942048100616969], [106.73570183072434, 10.942390523149223], [106.7356104145644, 10.94240999507428], [106.73561124742987, 10.942662017801416], [106.73551983117999, 10.942681489706759], [106.73552066399009, 10.94293351243632], [106.73542924765019, 10.942952984321947], [106.73542978169593, 10.943114607245285], [106.7353383652932, 10.943134079108816], [106.73533919798525, 10.943386101844736], [106.73524778149256, 10.943405573688546], [106.73524831546258, 10.943567196615964], [106.73515689890705, 10.943586668437671], [106.73515743283686, 10.943748291367612], [106.73506601621851, 10.943767763167216], [106.73506655010813, 10.943929386099681], [106.73497513342694, 10.943948857877185], [106.73497566727636, 10.944110480812173], [106.73488425053235, 10.94412995256757], [106.73488478434156, 10.94429157550508], [106.73479336753472, 10.944311047238374], [106.73479390130373, 10.944472670178405], [106.73470248443404, 10.944492141889594], [106.73470301816285, 10.94465376483215], [106.73461726653838, 10.944667601468769], [106.73459815914494, 10.944758063864892], [106.73452041944412, 10.944763931309545], [106.73452095308782, 10.944925554258111], [106.73442953605681, 10.944945025900594], [106.7344300696603, 10.945106648851679], [106.73434431788796, 10.945120485423628], [106.73432521039335, 10.945210947809736], [106.7342474705637, 10.945216815195423], [106.73424800408208, 10.945378438152517], [106.73415658688974, 10.945397909726289], [106.7341571203679, 10.945559532685904], [106.73407136844767, 10.945573369193173], [106.7340522608519, 10.945663831569263], [106.73397452089338, 10.945669698895973], [106.73397508050121, 10.945839265110974], [106.73405285757985, 10.945844631231086], [106.73406683329138, 10.945921426859853], [106.73397541591902, 10.945940898394156], [106.73397863458628, 10.94691611981341], [106.73388721690652, 10.946935591346998], [106.73389043558491, 10.9479108127288], [106.73379901759773, 10.947930284261668], [106.73380223628722, 10.948905505606007], [106.73371081799256, 10.948924977138148], [106.73371824044958, 10.951173739058143], [106.7338097860385, 10.951192620856165], [106.73381091651696, 10.951535043379243], [106.73398017747968, 10.951540114453195], [106.73399988233513, 10.951630451677644], [106.73434640562012, 10.951629334137696], [106.73436611059283, 10.951719671327844], [106.73462918989544, 10.951718822608923], [106.73464829753792, 10.951628360213515], [106.7348118559772, 10.95162783243797], [106.7348309635598, 10.951537370035908], [106.7350860042962, 10.951536546877973], [106.73510511179065, 10.951446084465942], [106.7353601524278, 10.951445261085691], [106.73537925983409, 10.951354798663688], [106.735634300372, 10.951353975061126], [106.73565340769012, 10.951263512629152], [106.7359084481288, 10.951262688804281], [106.73592755535878, 10.951172226362342], [106.73636556011766, 10.951170811017345], [106.73638466720288, 10.951080348558811], [106.73663970742844, 10.951079524136489], [106.73664483770288, 10.95091226626159], [106.73673059095353, 10.950898428913035], [106.73674969791578, 10.950807966441202], [106.73682743908815, 10.950802098297943], [106.73682690390014, 10.950640475524096], [106.73691832242454, 10.950621003032605], [106.73691778719632, 10.95045938026129], [106.73700920565786, 10.95043990774769], [106.7370086703894, 10.950278284978902], [106.73710008878807, 10.950258812443193], [106.73709925407134, 10.950006789954637], [106.73719067237995, 10.949987317399206], [106.73719013703577, 10.94982569463451], [106.73728155528151, 10.949806222056973], [106.73728101989714, 10.949644599294816], [106.73737243808002, 10.94962512669517], [106.73737241176542, 10.949617183455906], [106.73737715384173, 10.94946257068913], [106.73737190265543, 10.94946350393554], [106.73744961713678, 10.949449692425654], [106.73746362027816, 10.949534431029456], [106.73752144889738, 10.949538420058438], [106.73754186679278, 10.949542631136184], [106.73754139831077, 10.949539796170123], [106.73755540148441, 10.949624534766583], [106.73763317954024, 10.949629899881636], [106.73756836933703, 10.949625429287916], [106.73756914235027, 10.949630107085529], [106.73763395255449, 10.949634577678996], [106.73764718274612, 10.949714638470757], [106.73772496082519, 10.949720003560198], [106.73766015060262, 10.94971553298782], [106.73766092361763, 10.949720210785026], [106.73772573384122, 10.94972468135715], [106.7377389640633, 10.949804742141975], [106.73781674216559, 10.949810107205801], [106.73775193192367, 10.949805636654764], [106.73775270494046, 10.949810314451566], [106.73781751518341, 10.94981478500235], [106.73783074543594, 10.949894845780237], [106.73790852356149, 10.949900210818447], [106.7378437133002, 10.949895740288756], [106.73784448631876, 10.949900418085154], [106.73790929658107, 10.94990488861459], [106.73792252686408, 10.949984949385541], [106.73800030501285, 10.94999031439814], [106.73793549473221, 10.949985843889792], [106.73793626775254, 10.949990521685782], [106.7380010780342, 10.949994992193874], [106.73801430834769, 10.950075052957889], [106.73809208651967, 10.950080417944873], [106.73802727621967, 10.950075947457867], [106.73802804924179, 10.950080625253454], [106.73809285954283, 10.950085095740203], [106.73810608988677, 10.950165156497278], [106.73811936229758, 10.950167893823673], [106.73811983078653, 10.950170728788168], [106.73813978024181, 10.95017210485676], [106.7381305074715, 10.950170192424324], [106.73819763532113, 10.950184036982867], [106.73820357406034, 10.950260858316776], [106.73836713157331, 10.950260328701216], [106.7383811350305, 10.950345067232474]]], [[[106.74338851097038, 10.943088822804931], [106.74339130685868, 10.943088918941223], [106.74338698747168, 10.943069118820393], [106.74338851097038, 10.943088822804931]]], [[[106.74842352731362, 10.944211950466725], [106.74842600000005, 10.944201000000021], [106.74847586449462, 10.943985186988224], [106.74842299861922, 10.944003529660277], [106.74842352731362, 10.944211950466725]]], [[[106.74847586449462, 10.943985186988224], [106.74855947711627, 10.943623311852486], [106.74851326751632, 10.943641632769356], [106.74851386455063, 10.943819938738942], [106.74847586449462, 10.943985186988224]]], [[[106.7483128412432, 10.944693394673426], [106.74824964474534, 10.944714631495476], [106.74831200000006, 10.944697000000074], [106.7483128412432, 10.944693394673426]]], [[[106.74807000000004, 10.94477500000005], [106.74725903508937, 10.946567163327195], [106.74746700000009, 10.946137000000023], [106.74751900000008, 10.94603100000006], [106.74753000000004, 10.946007000000064], [106.74773700000009, 10.945535000000062], [106.74800300000004, 10.94492700000006], [106.74807000000004, 10.94477500000005]]], [[[106.74647395147811, 10.949527184496409], [106.74632713163962, 10.95004063871062], [106.74638800000008, 10.949854000000073], [106.74647395147811, 10.949527184496409]]], [[[106.7457332095184, 10.95233531364717], [106.74573179795335, 10.95233815250351], [106.74573300000009, 10.952336000000061], [106.7457332095184, 10.95233531364717]]], [[[106.74801797802539, 10.959644123115982], [106.74810373293936, 10.959630282404214], [106.74812283670629, 10.959539819523727], [106.74820057965901, 10.959533948305463], [106.74820003786132, 10.959372326183194], [106.74828579268507, 10.9593584854276], [106.74830489638563, 10.959268022540513], [106.74838263926011, 10.959262151282273], [106.74838209737737, 10.959100529166136], [106.74845913169368, 10.959080056099825], [106.74824653457023, 10.95881862965672], [106.74819812876922, 10.958802810192864], [106.74817321450195, 10.958728469279345], [106.74810634155348, 10.958712710239874], [106.74810465644997, 10.958644164597985], [106.74787984889764, 10.958367824471182], [106.74783067734019, 10.958352010804898], [106.74780642234225, 10.958277664332638], [106.74773889037694, 10.958261910716713], [106.74773720016209, 10.958192666656405], [106.74751271657402, 10.957917023557362], [106.7474632270454, 10.957901210863344], [106.7474392902453, 10.957826863308282], [106.74737144033463, 10.957811110639978], [106.74736982116241, 10.95773845836689], [106.74718756439863, 10.95754051069378], [106.74718672696845, 10.957483052752993], [106.7471357916034, 10.95737700386559], [106.74709547523686, 10.957360010964267], [106.74704908907408, 10.957196486503943], [106.7470033861941, 10.95717951119505], [106.74700247307699, 10.957099430436784], [106.74696238665751, 10.957015969106317], [106.74691129727029, 10.956999011386129], [106.74691100135293, 10.956910602285818], [106.746875574939, 10.956835449539332], [106.74681920846545, 10.956818511537511], [106.74679236825033, 10.956655074746248], [106.74672711977959, 10.95663801164919], [106.74672611020975, 10.956505963770564], [106.74667181659981, 10.956384255610642], [106.74663472873269, 10.95636711229857], [106.74659608756745, 10.956203920146153], [106.7463654027971, 10.956200751345143], [106.74635997577569, 10.956277609427234], [106.74626855641854, 10.956297084838713], [106.74627184502339, 10.957280245172578], [106.74636339298313, 10.95729912296275], [106.74636847038863, 10.958816736494862], [106.74646001883305, 10.958835614212196], [106.74646297974573, 10.959720431705778], [106.74655452847662, 10.959739309368745], [106.74655537195561, 10.959991330972349], [106.74664692077472, 10.96001020859943], [106.74664806694742, 10.96035262959066], [106.74673961588307, 10.960371507179207], [106.74674045956856, 10.960623528758141], [106.74683200859243, 10.960642406310791], [106.7468328523775, 10.96089442787814], [106.74710730707199, 10.96089353052784], [106.74712074586364, 10.960808702968485], [106.74728430872378, 10.960808168066649], [106.74728973548264, 10.960731310004222], [106.74737549075752, 10.960717469467802], [106.74739459478991, 10.960627006613734], [106.74747233805569, 10.960621135555392], [106.7474717965982, 10.960459513408614], [106.74755755178285, 10.960445672828353], [106.74757665574887, 10.960355209967677], [106.74765439893639, 10.960349338869351], [106.74765385739384, 10.960187716728697], [106.74773961248826, 10.9601738761046], [106.74775871638792, 10.960083413237317], [106.74783645949717, 10.96007754209901], [106.74783591786957, 10.959915919964484], [106.74792167287376, 10.959902079296551], [106.74794077670705, 10.959811616422668], [106.74801851973803, 10.959805745244378], [106.74801797802539, 10.959644123115982]]], [[[106.74648020117293, 10.964865253857871], [106.74647754143244, 10.964070836048762], [106.7463859913474, 10.964051958484298], [106.74638333206045, 10.963257540610034], [106.74629178223367, 10.963238662993833], [106.746290333604, 10.962805842635975], [106.74621255212715, 10.962800480047314], [106.74619854557089, 10.962715742189463], [106.74610699592061, 10.96269686450147], [106.7461010546214, 10.962620043582744], [106.74592945206571, 10.962620604196657], [106.74591034750622, 10.96271106699754], [106.74565529803986, 10.96271190003895], [106.74565017322875, 10.962879157514433], [106.7455644172163, 10.962892997625193], [106.74554531253375, 10.96298346041286], [106.745467568573, 10.962989331036278], [106.74546843795224, 10.963249295882564], [106.74555998775232, 10.963268173750341], [106.74556506389561, 10.96478578706196], [106.74565661418065, 10.964804664856915], [106.74565775972776, 10.965147085844263], [106.74573554182447, 10.965152448520843], [106.74574954842771, 10.965237186388164], [106.74584109886092, 10.965256064113968], [106.74584163967569, 10.965417686290532], [106.74591942184266, 10.965423048913607], [106.74593342851718, 10.965507786765295], [106.74602497904189, 10.965526664427214], [106.74602551997019, 10.965688286591845], [106.74610330220744, 10.965693649161404], [106.7461173089532, 10.965778386997462], [106.74620885956945, 10.965797264595496], [106.74620940061128, 10.965958886748185], [106.74630095128744, 10.965977764312958], [106.74630149238841, 10.966139386459194], [106.7463930431245, 10.966158263990698], [106.74639358428462, 10.96631988613048], [106.74647940542597, 10.966325222308239], [106.74648180537247, 10.965344370547665], [106.74657322743533, 10.965324894841253], [106.74657175151626, 10.9648841313706], [106.74648020117293, 10.964865253857871]]], [[[106.745366148333, 10.961718439689513], [106.7453715755857, 10.961641581620881], [106.74546299663535, 10.961622106336101], [106.74547613364443, 10.961446879384724], [106.74573691154906, 10.96145958793807], [106.74574375977913, 10.961807607128224], [106.74600684708284, 10.961806747821205], [106.74601227416863, 10.961729889755949], [106.74610369518572, 10.961710414280436], [106.74610312783918, 10.961540848865605], [106.74602534669404, 10.96153548619948], [106.74600563733635, 10.961445150184714], [106.74575058896187, 10.961445983210874], [106.7457305773503, 10.961265247751406], [106.74546749050289, 10.961266106778176], [106.74546206327328, 10.961342964847606], [106.7453843462918, 10.961356778626861], [106.74536463714165, 10.961266442551535], [106.74520107393386, 10.96126697644579], [106.74518136484663, 10.961176640352704], [106.74510124811331, 10.961176901826212], [106.74508214335077, 10.961267364597537], [106.74474364858986, 10.96126846908332], [106.74472393963867, 10.961178132948527], [106.74335730253, 10.961169028179764], [106.74335136200152, 10.961092207135119], [106.74280815447722, 10.961099593057577], [106.74281773900482, 10.96226915130247], [106.74408716651001, 10.962265014968525], [106.74410627161741, 10.962174552233314], [106.74426983537839, 10.962174018882692], [106.74428894042588, 10.96208355614087], [106.74454398946024, 10.962082724289465], [106.74456309441949, 10.961992261537727], [106.74472665805754, 10.961991727950819], [106.74474576295688, 10.961901265192475], [106.74490932653583, 10.961900731511951], [106.74492843137527, 10.961810268746994], [106.74509199489512, 10.961809734972862], [106.74511109967463, 10.961719272201297], [106.745366148333, 10.961718439689513]]], [[[106.73948195736854, 10.952968735082656], [106.73931036002766, 10.952969291487397], [106.73930398970508, 10.952711634901268], [106.73930382058079, 10.952711670926643], [106.73931216216165, 10.95522368415024], [106.73904341473735, 10.955230172316323], [106.73902370804612, 10.955139835592142], [106.73831124769981, 10.955142144479586], [106.73829154123463, 10.955051807687749], [106.73804453619277, 10.955052607752334], [106.73802542947344, 10.955143070270013], [106.73793967511102, 10.955156908079738], [106.73794021112889, 10.955318530751414], [106.73786246883293, 10.95532439927709], [106.7378490011334, 10.955401283432002], [106.73794054819699, 10.955420163849809], [106.73794108422852, 10.955581786518662], [106.738032631352, 10.955600666903278], [106.7380466351018, 10.955685405407175], [106.73821019560003, 10.95568487561678], [106.7382299021, 10.95577521240869], [106.73949126522267, 10.955771123655989], [106.7394970372354, 10.955797582655597], [106.73949723091968, 10.95585588812923], [106.73958877818598, 10.955874768030514], [106.73958931513452, 10.956036390613816], [106.7396808624607, 10.956055270481896], [106.73968139946828, 10.956216893058777], [106.73977294685434, 10.956235772893654], [106.73977348392093, 10.956397395464109], [106.73985126374555, 10.956402759853905], [106.73986526806345, 10.95648749822159], [106.73995681554095, 10.95650637799269], [106.73995735272092, 10.956668000551264], [106.74003513261577, 10.956673364887632], [106.74004913700483, 10.956758103239727], [106.74012691692293, 10.956763467550461], [106.74014092134426, 10.956848205895207], [106.7402187012856, 10.956853570180305], [106.7402327057392, 10.956938308517701], [106.7403242533713, 10.956957188163846], [106.74032479077327, 10.957118810699628], [106.74040257078487, 10.957124174931291], [106.74041657530962, 10.957208913253092], [106.74049435534445, 10.95721427745912], [106.7405083599015, 10.95729901577357], [106.74059990765662, 10.957317895325335], [106.74060044522629, 10.957479517843778], [106.74067822533137, 10.957484881996363], [106.74069793273361, 10.957575218542742], [106.74077804860536, 10.957574958310522], [106.74078347707002, 10.957498100206148], [106.74087489729482, 10.957478626376808], [106.74088653328502, 10.956851401471571], [106.74096427584857, 10.956845532146113], [106.74096223431319, 10.956231911746139], [106.74105365414016, 10.956212437896545], [106.74105161254154, 10.955598817487818], [106.74114303216963, 10.955579343628106], [106.74113978744055, 10.954604124876404], [106.74123120676101, 10.954584651016155], [106.74122974022589, 10.954143886518366], [106.74113819344136, 10.954125007070175], [106.74113195304227, 10.953957786296757], [106.74069394481958, 10.9539592088392], [106.74067423775575, 10.953868872250544], [106.74051067837671, 10.953869403275025], [106.74049667406743, 10.953784664927955], [106.7404388446294, 10.953780676539218], [106.74041842641455, 10.953776465685342], [106.7404188949338, 10.95377930064325], [106.74040489065678, 10.953694562288826], [106.74032711154639, 10.953689197978495], [106.74039192262819, 10.953693667904451], [106.74039114955504, 10.953688990119993], [106.74032633847426, 10.95368452019378], [106.74031310730162, 10.953604459616722], [106.74029983472323, 10.953601722401451], [106.74029936620553, 10.953598887443208], [106.740279416522, 10.953597511536985], [106.74028868940891, 10.953599423893193], [106.74022156071946, 10.953585579873257], [106.74021562132064, 10.953508758646178], [106.74005206211652, 10.953509289407608], [106.74003805796188, 10.95342455102467], [106.73998022859259, 10.95342056254227], [106.7399598104066, 10.953416351654885], [106.73996027892069, 10.953419186613994], [106.73994627479833, 10.953334448223703], [106.73993300223414, 10.95333171099108], [106.73993253372053, 10.953328876031884], [106.73991258405475, 10.953327500099922], [106.73992185693174, 10.953329412468253], [106.7398547283141, 10.953315568360566], [106.73984878902084, 10.953238747116293], [106.73968522994672, 10.953239277668192], [106.73967122591449, 10.953154539256735], [106.73961339659662, 10.953150550699737], [106.73959297843251, 10.953146339785665], [106.7395934469425, 10.953149174745722], [106.73957944294253, 10.953064436326919], [106.73956617039254, 10.95306169907695], [106.73956570188302, 10.953058864116798], [106.73954575223499, 10.953057488159102], [106.73955502510206, 10.95305940053955], [106.73948789655623, 10.953045556344117], [106.73948195736854, 10.952968735082656]]], [[[106.73737906447315, 10.95162515378089], [106.73747048324314, 10.951605681102073], [106.73746964810798, 10.951353658663962], [106.73756106678792, 10.95133418596542], [106.73756055749884, 10.951180506471085], [106.73673721779954, 10.951183169673751], [106.7367511945645, 10.951259965071412], [106.73682897305363, 10.951265330355032], [106.73682950827406, 10.951426953122175], [106.73692105405642, 10.951445833962548], [106.73692158933584, 10.951607456723282], [106.73701313517807, 10.951626337530488], [106.73701367051645, 10.95178796028481], [106.73710521641853, 10.951806841058833], [106.73711921963387, 10.95189157966446], [106.73719699828717, 10.951896944839138], [106.73721100153472, 10.951981683437424], [106.7372887166736, 10.951967871912998], [106.73728818117705, 10.951806249174032], [106.73737960000992, 10.951786776517327], [106.73737906447315, 10.95162515378089]]], [[[106.72948959334131, 10.944960912199646], [106.72941181647381, 10.944955544889574], [106.72939781591941, 10.944870805674462], [106.72932003907515, 10.944865438338805], [106.72930603855296, 10.944780699116373], [106.72922826173193, 10.944775331755134], [106.72921426124195, 10.944690592525388], [106.72913648444417, 10.944685225138564], [106.72912248398642, 10.944600485901503], [106.72904470721184, 10.944595118489092], [106.72903070678629, 10.944510379244718], [106.72895293003496, 10.944505011806728], [106.72893892964163, 10.944420272555034], [106.72886115291354, 10.944414905091461], [106.7288471525524, 10.944330165832454], [106.72876937584756, 10.944324798343303], [106.72875537551863, 10.94424005907698], [106.72867759883702, 10.944234691562242], [106.7286635985403, 10.944149952288601], [106.72858582188192, 10.944144584748289], [106.72857182161741, 10.944059845467336], [106.72849404498228, 10.944054477901439], [106.72848004474997, 10.943969738613173], [106.72840226813807, 10.943964371021695], [106.72838826793797, 10.943879631726116], [106.7283104913493, 10.943874264109056], [106.7282964911814, 10.943789524806162], [106.72821871461599, 10.943784157163527], [106.72820471448028, 10.94369941785332], [106.7281269379381, 10.943694050185105], [106.72811293783461, 10.943609310867584], [106.72802139482708, 10.943590427119258], [106.72802086477228, 10.943428803840591], [106.72794308830028, 10.943423436119083], [106.72792338600868, 10.943333098250363], [106.72775179361601, 10.943333647678033], [106.72774636170313, 10.943410505889625], [106.72766060993531, 10.943424340570468], [106.72764150043884, 10.943514802714049], [106.72756376076633, 10.943520668371642], [106.72756429057797, 10.943682291671477], [106.72747853872013, 10.943696126308405], [106.72745942915725, 10.943786588445265], [106.72738168940668, 10.943792454062807], [106.7273834043211, 10.944315677455595], [106.72729198681824, 10.944335146985727], [106.72729459054422, 10.94512957043126], [106.72720317278835, 10.945149039955766], [106.72720607277085, 10.946033863395773], [106.72711465473476, 10.946053332917016], [106.72711906224004, 10.94739809964823], [106.72719683975902, 10.947403467490265], [106.72721083987912, 10.947488206836178], [106.7273023840755, 10.947507090724143], [106.72730831991039, 10.947583912530995], [106.72757139612118, 10.947583070209996], [106.72759050579123, 10.947492608070206], [106.7277540623084, 10.947492084272312], [106.72775949420081, 10.947415226074554], [106.72784524709327, 10.947401391270986], [106.72785067896244, 10.94732453307332], [106.72793643182266, 10.947310698246662], [106.72795554136971, 10.94722023609348], [106.72812476320516, 10.947214077167063], [106.72812452951852, 10.947142853915837], [106.72821028230773, 10.94712901901768], [106.72822939176338, 10.947038556854459], [106.72839294800013, 10.94703803273577], [106.72839837972886, 10.946961174539297], [106.72848413244704, 10.946947339569647], [106.72850324181128, 10.94685687739639], [106.72866679793495, 10.946856353139587], [106.72867222959344, 10.94677949494372], [106.7287579822406, 10.946765659902571], [106.72877709151344, 10.946675197719284], [106.728940647524, 10.94667467332438], [106.72894607911229, 10.946597815129111], [106.7290318316884, 10.94658398001647], [106.72903726325346, 10.946507121821305], [106.72912301579736, 10.946493286685582], [106.72914212494723, 10.946402824488917], [106.72930568079046, 10.946402299911357], [106.7293111122853, 10.946325441716795], [106.72939686475817, 10.946311606509587], [106.72941597381666, 10.946221144302893], [106.72957952954677, 10.94622061958724], [106.7295849609714, 10.946143761393285], [106.72967071337325, 10.946129926114594], [106.72968982234033, 10.946039463897876], [106.72985337795734, 10.94603893904414], [106.72985880931175, 10.945962080850792], [106.72994456164258, 10.945948245500615], [106.72996367051826, 10.945857783273878], [106.73012722602218, 10.945857258282059], [106.73013265730638, 10.94578040008932], [106.73021840956618, 10.94576656466767], [106.73023751835046, 10.94567610243091], [106.73031525846852, 10.945670236049356], [106.73031499817576, 10.945591069579518], [106.73023722114657, 10.94558570249543], [106.73022322031548, 10.94550096334442], [106.73013167663875, 10.945482080292805], [106.73012574017075, 10.945405258589595], [106.72996218491468, 10.945405783559218], [106.72994818417362, 10.945321044387134], [106.72987040721365, 10.945315677202846], [106.72985640650481, 10.94523093802344], [106.72976486292603, 10.945212054852334], [106.72975892656345, 10.945135233132028], [106.72959537143747, 10.945135757892407], [106.72958137081865, 10.945051018691931], [106.72950359392792, 10.94504565140744], [106.72948959334131, 10.944960912199646]]]]}}, {"type": "Feature", "properties": {"name": "Khu phố 1B", "code": "KP1B", "area_ha": 109.68, "ward_area_ha": 1669.11}, "geometry": {"type": "MultiPolygon", "coordinates": [[[[106.73904879268086, 10.958561417058418], [106.73898414847187, 10.958575186777692], [106.73895166919652, 10.958575292097418], [106.73895940981468, 10.959194511057333], [106.73895943619519, 10.959202454287801], [106.7390509844896, 10.959221334259857], [106.73905242211235, 10.95965415567274], [106.73914397055161, 10.959673035603721], [106.73914540837022, 10.960105856991612], [106.73923695695436, 10.960124736881522], [106.73923836857755, 10.960549615015324], [106.7391469472769, 10.960569088441607], [106.73914751061065, 10.960738654226146], [106.73920534141283, 10.960742642741762], [106.73922580944343, 10.960746863809943], [106.739239269644, 10.960820813817861], [106.73914784826171, 10.96084028725132], [106.73914838522026, 10.96100190980373], [106.73905696377504, 10.96102138321506], [106.73905752708137, 10.961190948999208], [106.73911535797227, 10.961194937524237], [106.7391358260338, 10.961199158595742], [106.73914928624285, 10.961273108605642], [106.73905786471599, 10.961292582024148], [106.73905870197201, 10.961544604177153], [106.73896728035501, 10.961564077575925], [106.73896781725188, 10.961725700129527], [106.73887639557192, 10.96174517350617], [106.73887725909498, 10.962005138894789], [106.73893509014567, 10.962009127440252], [106.73895555826275, 10.962013348518985], [106.73896901848255, 10.962087298533664], [106.73878611119629, 10.962107068627597], [106.73878637414396, 10.962186234809526], [106.73879959776458, 10.962188961881902], [106.73880011562845, 10.962191807016087], [106.73882006589314, 10.962193182968779], [106.73880451319948, 10.962189975578907], [106.73887792336653, 10.962205114751034], [106.73887873415525, 10.962449193673772], [106.73878731224909, 10.96246866704263], [106.73878937687785, 10.96309023082605], [106.7388809263837, 10.963109110741355], [106.73888296494187, 10.96372273125279], [106.7389745146493, 10.963741611121774], [106.73897565239608, 10.964084032828985], [106.73905343424519, 10.964089397246092], [106.73907314177973, 10.964179733863904], [106.7405255510543, 10.964175017922923], [106.74054465733498, 10.96408455531691], [106.74172023424428, 10.964075116367386], [106.74173367465502, 10.96399028891608], [106.74245188485332, 10.964001511608114], [106.74245543818716, 10.965067128858024], [106.7425469884467, 10.96508600759646], [106.74254843194156, 10.965518828383633], [106.74263998234603, 10.965537707080937], [106.74264082296752, 10.965789728889709], [106.74273237346027, 10.965808607551137], [106.74273291261477, 10.965970229875007], [106.74281069494211, 10.96597559328364], [106.74282470078415, 10.966060331350329], [106.74291625136843, 10.966079209947901], [106.74291679063643, 10.966240832259862], [106.74299457303405, 10.966246195614998], [106.74300857894734, 10.966330933666075], [106.74310012962314, 10.96634981219979], [106.74310066900463, 10.966511434499836], [106.74317845147256, 10.96651679780148], [106.7431924574571, 10.966601535836938], [106.74327023994829, 10.96660689911292], [106.74328424596513, 10.966691637141015], [106.74336202847958, 10.966697000391331], [106.74337603452872, 10.966781738412061], [106.74345381706642, 10.966787101636715], [106.74346782314787, 10.966871839650082], [106.74354560570885, 10.966877202849068], [106.74355961182259, 10.966961940855066], [106.74363739440683, 10.966967304028394], [106.74365140055288, 10.967052042027026], [106.74372918316037, 10.967057405174687], [106.74374318933872, 10.967142143165955], [106.74382097196947, 10.967147506287947], [106.74383497818013, 10.967232244271846], [106.74391276083416, 10.967237607368176], [106.74392676707713, 10.967322345344707], [106.74401831809723, 10.967341223569601], [106.74402425906585, 10.96741804454435], [106.74418782571233, 10.967417510985936], [106.74420183204558, 10.967502248941251], [106.74429338313213, 10.96752112707691], [106.74429932417905, 10.967597948038883], [106.74446289091071, 10.967597414324205], [106.74447689733422, 10.967682152258307], [106.74456844848721, 10.967701030304731], [106.74457438961245, 10.967777851253924], [106.74473795642928, 10.967777317382984], [106.7447576660012, 10.967867653439827], [106.74492123285823, 10.967867119466208], [106.74494094249316, 10.967957455505283], [106.74510450939042, 10.967956921428984], [106.74512421908832, 10.968047257450294], [106.74528778602581, 10.968046723271314], [106.7453074957867, 10.968137059274854], [106.7454710627644, 10.968136524993193], [106.74549077258828, 10.96822686097896], [106.74574582679341, 10.968226027661595], [106.74576553670752, 10.968316363621245], [106.74602059096797, 10.968315530067219], [106.74604030097231, 10.968405866000747], [106.74638684251234, 10.96840473307979], [106.74640655263411, 10.968495068978845], [106.74676113303693, 10.96849390933717], [106.74676655989364, 10.968417051298008], [106.7468579828564, 10.968397575428911], [106.74685680896697, 10.968047211433179], [106.74676525762192, 10.968028334096825], [106.74676320198935, 10.967414715230424], [106.74667165084595, 10.967395837847597], [106.74667020110095, 10.966963017657744], [106.74657865010252, 10.966944140233721], [106.74657750330344, 10.966601719382954], [106.74648595242162, 10.966582841920387], [106.74648510848166, 10.966330820420156], [106.74639355768812, 10.966311942921683], [106.74639301652844, 10.96615032078182], [106.74630146579483, 10.96613144325008], [106.7463009246943, 10.965969821103759], [106.74620937402061, 10.965950943538752], [106.74620883297919, 10.965789321385978], [106.7461310507173, 10.965783958845746], [106.74611704396726, 10.965699221010716], [106.7460254933851, 10.965680343381827], [106.74602495245723, 10.965518721217112], [106.74594717026561, 10.965513358623364], [106.74593316358684, 10.965428620772702], [106.74584161309618, 10.965409743079928], [106.74584107228183, 10.965248120903277], [106.74574952185111, 10.965229243177241], [106.74574928355298, 10.965158020389726], [106.74573601042121, 10.965155283462511], [106.74573554182447, 10.965152448520843], [106.74571559136865, 10.965151073041175], [106.7457248646422, 10.965152985196132], [106.74565773315383, 10.96513914263307], [106.7456574948797, 10.965067919843136], [106.74565745729878, 10.965056686446081], [106.74561662839065, 10.965059493131557], [106.74557070270164, 10.96505002320056], [106.74556573283301, 10.964985762475013], [106.74556570626194, 10.964977819263513], [106.7455078746544, 10.964973832034985], [106.74548745561638, 10.964969621596943], [106.74548792421035, 10.96497245653926], [106.74547391769975, 10.964887718650857], [106.74539613567143, 10.964882355900935], [106.74546094918466, 10.964886824526648], [106.74546017598821, 10.964882146767913], [106.745395362476, 10.964877678141946], [106.74538212919312, 10.964797618005159], [106.74536885607966, 10.96479488106019], [106.74536838748725, 10.964792046117536], [106.7453484370553, 10.964790670611533], [106.74535771031604, 10.9647925827789], [106.74529057892033, 10.964778740126025], [106.74528463774068, 10.964701919186878], [106.74512107264137, 10.964702453203374], [106.74510706625334, 10.964617715286378], [106.74501551604695, 10.964598837318022], [106.7450095749456, 10.964522016366093], [106.74484600993142, 10.964522550226363], [106.74482630064576, 10.964432214138714], [106.74466273567178, 10.964432747896337], [106.74464302644907, 10.964342411790923], [106.74447946151531, 10.964342945445903], [106.74445975235557, 10.964252609322726], [106.74429618746201, 10.964253142875062], [106.74428373166347, 10.964196052048981], [106.7442822078729, 10.964176348110332], [106.74427938771325, 10.96417614166064], [106.7442818275484, 10.964187324585133], [106.74427647836524, 10.964162806734127], [106.74411291351188, 10.964163340183816], [106.74409320447808, 10.96407300402512], [106.7438381537035, 10.96407383564848], [106.74381844475988, 10.963983499463689], [106.74356339404065, 10.963984330850485], [106.7435436851872, 10.963893994639594], [106.74319714859897, 10.963895123868994], [106.7431774398629, 10.963804787623673], [106.74263416340948, 10.963792997040153], [106.74264713112417, 10.963718961224961], [106.74266757079437, 10.963714607205299], [106.74272537430994, 10.963710242864737], [106.74272302635393, 10.963006223577782], [106.74281444805919, 10.962986749037244], [106.74281240153795, 10.962373129229027], [106.7429038230442, 10.962353654678381], [106.74290379655069, 10.962345711459069], [106.74290922444007, 10.962268853380783], [106.74287674480057, 10.962268959153647], [106.74281763754117, 10.96225677044441], [106.74281486648727, 10.961918636707484], [106.74282185850882, 10.96109393167137], [106.74282181208417, 10.961099407368712], [106.74334334147575, 10.961092316196206], [106.7433433233954, 10.961092233322875], [106.7433557788338, 10.961149324225925], [106.74335730253, 10.961169028179764], [106.74336008165857, 10.961169046701015], [106.74336303192756, 10.96118256958456], [106.74471590103359, 10.961178159172665], [106.7447356099824, 10.961268495308193], [106.74509018195737, 10.961267338363534], [106.74510928671742, 10.961176875591919], [106.74518136484663, 10.961176640352704], [106.74518713750315, 10.961203099182077], [106.74518706777273, 10.961182238501548], [106.74521384434418, 10.961176534344782], [106.7452728498803, 10.961176341751228], [106.74527558695034, 10.961163381437457], [106.74527848870105, 10.961162763282818], [106.7452798807525, 10.961143049831994], [106.74529195458044, 10.961085878973005], [106.74555266804963, 10.96107941109869], [106.74555149649863, 10.960729046795464], [106.7454599474943, 10.96071016885361], [106.7454594071246, 10.960548546608422], [106.74536785818017, 10.96052966863332], [106.74536731786957, 10.960368046381683], [106.74527576898501, 10.960349168373337], [106.74527311358007, 10.959554750037334], [106.7451815649537, 10.959535871977293], [106.74517891000194, 10.958741453576184], [106.74508736163371, 10.958722575464444], [106.74508470713509, 10.95792815699824], [106.744993159025, 10.957909278834808], [106.74499053151568, 10.95712280352049], [106.74516776971822, 10.957108665248628], [106.74518682084236, 10.957018455605928], [106.74534261402388, 10.957022882648733], [106.74535730893341, 10.957373631353901], [106.74544885688904, 10.957392509421068], [106.74545090788924, 10.958006128936216], [106.74554245604635, 10.958025006956957], [106.74554450736066, 10.958638626429194], [106.74563605571927, 10.958657504403508], [106.74563810734774, 10.95927112383282], [106.74572965590785, 10.959290001760703], [106.74573170785052, 10.959903621147097], [106.74582325661214, 10.959922499028544], [106.74582500651945, 10.960445718951174], [106.74591655545427, 10.960464596788823], [106.74591800322366, 10.960897417262396], [106.74597583403272, 10.96090140448305], [106.74599640978558, 10.960905647286346], [106.74601549350562, 10.960993115992878], [106.74600972078264, 10.960966657184922], [106.74600979056927, 10.960987517860513], [106.74591836976128, 10.961006993289857], [106.74591294264752, 10.961083851357987], [106.74573570216967, 10.961097990263562], [106.7457305773503, 10.961265247751406], [106.74575058896187, 10.961445983210874], [106.74600563733635, 10.961445150184714], [106.74602534669404, 10.96153548619948], [106.74610312783918, 10.961540848865605], [106.74610369518572, 10.961710414280436], [106.74601227416863, 10.961729889755949], [106.74600684708284, 10.961806747821205], [106.74574375977913, 10.961807607128224], [106.74573691154906, 10.96145958793807], [106.74573688498218, 10.961451644725154], [106.74558415138901, 10.96145214346718], [106.74547613364443, 10.961446879384724], [106.74547571244499, 10.961452497521355], [106.74546242965836, 10.961452540887127], [106.74546297007538, 10.961614163122603], [106.7453715490281, 10.961633638407172], [106.7453715755857, 10.961641581620881], [106.745366148333, 10.961718439689513], [106.74511109967463, 10.961719272201297], [106.74509199489512, 10.961809734972862], [106.74492843137527, 10.961810268746994], [106.74490932653583, 10.961900731511951], [106.74474576295688, 10.961901265192475], [106.74472665805754, 10.961991727950819], [106.74456309441949, 10.961992261537727], [106.74454398946024, 10.962082724289465], [106.74428894042588, 10.96208355614087], [106.74426983537839, 10.962174018882692], [106.74410627161741, 10.962174552233314], [106.74408716651001, 10.962265014968525], [106.74436162269791, 10.962264119978862], [106.74438133164267, 10.962354456134085], [106.74472786631245, 10.962353325715496], [106.74474757537459, 10.962443661836277], [106.74509411010949, 10.962442530992368], [106.74510005114288, 10.96251935195467], [106.74517785910588, 10.962532658049215], [106.74519696388552, 10.962442195274708], [106.74528271979632, 10.962428355276794], [106.7452881470672, 10.962351497210147], [106.74537390294572, 10.96233765718916], [106.74537933019334, 10.962260799122644], [106.74545944721153, 10.962260537550549], [106.74546538833074, 10.962337358498695], [106.74546541489258, 10.96234530171181], [106.74552324598633, 10.962349288993842], [106.74554382183742, 10.96235353181909], [106.745562905558, 10.96244100054931], [106.74574023756074, 10.962453981498149], [106.74574108056447, 10.962706003119656], [106.74571430387232, 10.962711707333336], [106.74574678353204, 10.96271160125399], [106.74591838614977, 10.962711040738288], [106.74593749070675, 10.962620577937118], [106.74609301598078, 10.962620069846594], [106.74610702250045, 10.962704807712845], [106.74616485366218, 10.962708794866183], [106.74618527254769, 10.962713005272205], [106.74618480395266, 10.962710170330821], [106.74619881050465, 10.962794908189696], [106.74621208353165, 10.962797645106026], [106.74621255212715, 10.962800480047314], [106.74623250242377, 10.962801855508266], [106.74622322922298, 10.962799943362329], [106.74629036018901, 10.962813785846842], [106.74629180881979, 10.963246606204475], [106.74638335864907, 10.963265483820445], [106.74638601793805, 10.964059901694286], [106.74647756802558, 10.964078779258521], [106.74648022776813, 10.964873197067211], [106.74656604848926, 10.96487853325749], [106.74653534326953, 10.964876624060608], [106.74657175151626, 10.9648841313706], [106.74657117271782, 10.964711275830249], [106.74666259458165, 10.964691800113794], [106.74666114521607, 10.964258979846125], [106.74675256693529, 10.964239504114806], [106.74675111750011, 10.963806683846226], [106.74684253907472, 10.963787208100047], [106.74683987863524, 10.962992790322831], [106.7469312999564, 10.962973314571435], [106.74693075867359, 10.962811692422804], [106.74702217993179, 10.962792216649326], [106.74702161200474, 10.96262265129408], [106.74720451861562, 10.962602876279309], [106.74720964256005, 10.962435618851694], [106.74728172094777, 10.962435383089307], [106.7473014307779, 10.962525718976103], [106.74730946941301, 10.962525692680616], [106.74738725081224, 10.96253105499403], [106.7473875160575, 10.962610220966459], [106.7473097722721, 10.962616092048151], [106.74729630688817, 10.9626929763999], [106.74738785658063, 10.962711853724187], [106.74740186347029, 10.962796591497735], [106.74920761156167, 10.962790678589265], [106.74921874103335, 10.96305622627933], [106.7493102909096, 10.963075103005256], [106.74931083349762, 10.963236725033424], [106.7493111103177, 10.963319181138118], [106.7493165365374, 10.96324232309399], [106.74938861507395, 10.9632420868164], [106.74940107177673, 10.963299177355], [106.74940259589422, 10.96331888123985], [106.7494053842003, 10.963318941694729], [106.74940832560678, 10.963332422501406], [106.7499378320154, 10.963330686178685], [106.74995754272004, 10.963421021812485], [106.7504870491971, 10.96341928452207], [106.75050676007355, 10.963509620104656], [106.75112775220514, 10.96350758142551], [106.75114746328059, 10.963597916948514], [106.75150776714521, 10.963610293517235], [106.75151013601027, 10.964314310885886], [106.75160168636408, 10.964333186875168], [106.75160466408302, 10.965218002657114], [106.75169621472347, 10.965236878591886], [106.75169949726914, 10.966212093520472], [106.7517910482246, 10.96623096939807], [106.7517940270346, 10.967115785018642], [106.75188557827676, 10.967134660841717], [106.7518870356306, 10.96756748033521], [106.75184166439698, 10.967570530195816], [106.75190608472074, 10.9676607186211], [106.75206115730607, 10.967508785733994], [106.75279400000005, 10.966510000000026], [106.75349331518144, 10.967797058334986], [106.75349600000004, 10.967802000000061], [106.75392600000004, 10.967575000000066], [106.75392406407623, 10.967570190136897], [106.75373200000007, 10.967093000000036], [106.75310811849188, 10.964890414727291], [106.75310800000005, 10.964890000000025], [106.75307700000008, 10.964818000000037], [106.75294200000008, 10.964496000000056], [106.75290100000007, 10.964405000000054], [106.7527645944462, 10.964103314725588], [106.75276400000008, 10.964102000000025], [106.75260600000007, 10.963963000000037], [106.75244800000007, 10.963823000000048], [106.75178700000004, 10.963240000000042], [106.75178200000005, 10.963235000000056], [106.75176909135803, 10.96322309953878], [106.75088100000005, 10.962385000000037], [106.75066500000008, 10.962117000000035], [106.75030412835488, 10.961520216176861], [106.75030400000009, 10.96152000000006], [106.75000200000007, 10.961088000000073], [106.75000193035582, 10.96108790729349], [106.74969700000008, 10.960682000000077], [106.74964700000004, 10.960618000000066], [106.74941165539718, 10.960319504471975], [106.74861744939804, 10.959285621435647], [106.74850300000008, 10.959134000000063], [106.74846649504673, 10.959089110656523], [106.74845913169368, 10.959080056099825], [106.74841746814622, 10.959091128837526], [106.74838207074579, 10.959092585958416], [106.7483826126281, 10.95925420807464], [106.74829685784091, 10.95926804885452], [106.74827775413786, 10.95935851174132], [106.74820001123392, 10.95936438297517], [106.7482005530312, 10.959526005097526], [106.74811479815378, 10.95953984583358], [106.74809569438436, 10.959630308713782], [106.74801795140218, 10.959636179907655], [106.7480184931144, 10.95979780203614], [106.74793273814676, 10.959811642728365], [106.74791363431098, 10.95990210560196], [106.74783589125053, 10.959907976755856], [106.7478364328777, 10.960069598890469], [106.74775067781984, 10.960083439538861], [106.74773157391769, 10.960173902405854], [106.74765383077899, 10.960179773519773], [106.74765437232111, 10.960341395660512], [106.74756861717302, 10.960355236265066], [106.7475495132045, 10.960445699125453], [106.74747176998751, 10.960451570199389], [106.74747231144458, 10.960613192346251], [106.74738655620627, 10.96062703290697], [106.74738112947205, 10.960703890969272], [106.74729537420144, 10.960717731506925], [106.74729260446225, 10.960730846963529], [106.74728973548264, 10.960731310004222], [106.74728834356459, 10.96075102345291], [106.74727627013498, 10.960808194357405], [106.7471127072744, 10.96080872925493], [106.74709360314806, 10.960899192098815], [106.74709479012655, 10.960893571458312], [106.7469855856263, 10.960893928535759], [106.74683282578277, 10.96088648466759], [106.74683198199837, 10.96063446310011], [106.74674043297698, 10.960615585547222], [106.74673958929215, 10.960363563968155], [106.74664804035896, 10.96034468637938], [106.74664689418717, 10.960002265387969], [106.74655534537054, 10.959983387760655], [106.7465545018922, 10.959731366156916], [106.7464629531638, 10.959712488493716], [106.7464599922534, 10.958827670999671], [106.74636844381148, 10.958808793282104], [106.74636336640987, 10.957291179749191], [106.74627181845263, 10.957272301958787], [106.74626858298681, 10.95630502805302], [106.74635433707859, 10.95629118790749], [106.74635707407485, 10.956278227587994], [106.74635997577569, 10.956277609427234], [106.74636136776128, 10.95625789597355], [106.74637341248301, 10.95620086137311], [106.74659608756745, 10.956203920146153], [106.74659191918869, 10.95619334844551], [106.74639700000006, 10.955699000000036], [106.74623200000008, 10.955291000000045], [106.7462317952468, 10.955290632942813], [106.74606800000004, 10.954997000000049], [106.74599304156978, 10.954874255644606], [106.74530765758035, 10.953678963895067], [106.74507617884284, 10.953673746705956], [106.7450570743495, 10.953764209477955], [106.74461906693467, 10.953765637629788], [106.74459996229658, 10.953856100385295], [106.74416195468561, 10.9538575278928], [106.74414284990272, 10.953947990631816], [106.74370484209564, 10.95394941749498], [106.74368573716797, 10.954039880217495], [106.74324772916482, 10.95404130643631], [106.74322862409235, 10.954131769142318], [106.7428820988301, 10.954132897021466], [106.74286299364115, 10.95422335971426], [106.74242498525857, 10.954224784775624], [106.74240587992483, 10.954315247451898], [106.74188442675432, 10.954316943161878], [106.74186471930297, 10.95422660668579], [106.74170115978671, 10.954227138365523], [106.74168715511772, 10.954142400106074], [106.74167403949888, 10.954139695329498], [106.74167341397575, 10.954136827999061], [106.74165346425765, 10.95413545218644], [106.74167086745796, 10.954139041173311], [106.74159560831693, 10.954123520797644], [106.74159476949583, 10.95387149871639], [106.74150322278322, 10.953852619372128], [106.74150210965378, 10.953518140925734], [106.7415935286139, 10.953498666986695], [106.74159268984359, 10.953246644894985], [106.74168410871361, 10.95322717093625], [106.74168326988799, 10.952975148847004], [106.74177468866795, 10.952955674868578], [106.741773849787, 10.952703652781802], [106.74186526847687, 10.952684178783683], [106.74186412862169, 10.952341757121527], [106.74195554719431, 10.952322283106117], [106.7419547082101, 10.952070261022762], [106.74204612669266, 10.952050786987662], [106.74204528765318, 10.951798764906776], [106.74213670604564, 10.951779290851993], [106.74213584050464, 10.951519325546778], [106.74178361549853, 10.951514853682061], [106.74176390833851, 10.951424517164298], [106.74076897263734, 10.951427748912316], [106.74074986689489, 10.951518211529422], [106.7401288977924, 10.951520226892972], [106.740123469129, 10.951597085020525], [106.74003771592277, 10.951610923325799], [106.74003228723613, 10.951687781453474], [106.73994653399764, 10.95170161973569], [106.73992742799074, 10.951792082323012], [106.73984968669325, 10.951797951272907], [106.73985022357859, 10.951959573886501], [106.73976447024997, 10.951973412124856], [106.7397453641767, 10.95206387470553], [106.73966762280104, 10.952069743615429], [106.7396681596013, 10.952231366235079], [106.73957674084528, 10.952250839575814], [106.73957727760533, 10.952412462198005], [106.73949152412871, 10.952426300371707], [106.73947241795426, 10.952516762942402], [106.73939467644963, 10.952522631793345], [106.73939521312458, 10.952684254421591], [106.7393037942071, 10.952703727693635], [106.73931036002766, 10.952969291487397], [106.7394739189722, 10.952968761149329], [106.73948792293565, 10.953053499576505], [106.73956570188302, 10.953058864116798], [106.73957970587874, 10.95314360253663], [106.73967125229908, 10.953162482488628], [106.73967719154358, 10.953239303740855], [106.73984075061811, 10.953238773193263], [106.73985475470397, 10.95332351159193], [106.73993253372053, 10.953328876031884], [106.73994653783865, 10.953413614423201], [106.74003808435693, 10.953432494255532], [106.74004402370697, 10.953509315490567], [106.74020758291152, 10.953508784733446], [106.74022158711976, 10.953593523103596], [106.74029936620553, 10.953598887443208], [106.74031337044605, 10.95368362580601], [106.74039114955504, 10.953688990119993], [106.74040515382781, 10.953773728475444], [106.74049670047557, 10.953792608157526], [106.74050263995858, 10.95386942937091], [106.74066619933804, 10.953868898350741], [106.74068590639948, 10.953959234940125], [106.74112391462326, 10.953957812409216], [106.74113821986744, 10.954132950298021], [106.74122976665447, 10.954151829745985], [106.74123118033133, 10.954576707788766], [106.74113976101324, 10.954596181648801], [106.74114300573984, 10.955571400401023], [106.74105158611412, 10.955590874260524], [106.74105362771118, 10.956204494669576], [106.7409622078866, 10.956223968518957], [106.74096424942041, 10.956837588919258], [106.74087282939692, 10.956857062758514], [106.74087487086749, 10.957470683150063], [106.74078911604832, 10.957484521805744], [106.74078368758504, 10.957561379910135], [106.74078822849616, 10.957497088084429], [106.74078347707002, 10.957498100206148], [106.7407789536876, 10.95756214384037], [106.74069793273361, 10.957575218542742], [106.74067882674161, 10.957665681155849], [106.74067992541254, 10.957660479195125], [106.74052330379877, 10.957666186259317], [106.7405152652782, 10.957666212364465], [106.74049615922632, 10.957756674970941], [106.74033259770387, 10.957757206085969], [106.74031349159209, 10.957847668685819], [106.7401499300106, 10.957848199707248], [106.74013082383895, 10.957938662300466], [106.73996726219842, 10.957939193228302], [106.73996183352389, 10.958016051335024], [106.73987607848457, 10.958029889750847], [106.73987330842691, 10.958043005168712], [106.73987043945505, 10.958043468138419], [106.73986904703932, 10.958063181598495], [106.73985697222145, 10.958120352334113], [106.73969341046755, 10.95812088312379], [106.73967430414453, 10.958211345700422], [106.7395107423316, 10.958211876396499], [106.73950531353981, 10.958288734504443], [106.73941955839042, 10.958302572800328], [106.73941678831082, 10.958315688215787], [106.73941391933526, 10.958316151181483], [106.73941252688945, 10.958335864641867], [106.73940045197594, 10.958393035367], [106.73923689004964, 10.958393565924917], [106.73921778357526, 10.958484028484953], [106.73905422158992, 10.958484558949264], [106.73904879268086, 10.958561417058418]]], [[[106.73904879268086, 10.958561417058418], [106.73905018515063, 10.958541703597787], [106.73904589093681, 10.958562035152786], [106.73904879268086, 10.958561417058418]]], [[[106.73950531353981, 10.958288734504443], [106.7395067059795, 10.958269021044124], [106.73950244456474, 10.958289197470938], [106.73950531353981, 10.958288734504443]]], [[[106.73996183352389, 10.958016051335024], [106.7399632259335, 10.957996337875018], [106.7399589645525, 10.958016514305529], [106.73996183352389, 10.958016051335024]]], [[[106.74069793273361, 10.957575218542742], [106.74069216056765, 10.95754875958119], [106.74069233671906, 10.957601714428748], [106.74069793273361, 10.957575218542742]]], [[[106.74659608756745, 10.956203920146153], [106.74663472873269, 10.95636711229857], [106.74667181659981, 10.956384255610642], [106.74663200000003, 10.956295000000068], [106.74659608756745, 10.956203920146153]]], [[[106.74738112947205, 10.960703890969272], [106.74738252138398, 10.960684177520656], [106.74737826049291, 10.960704354010764], [106.74738112947205, 10.960703890969272]]], [[[106.75310811849188, 10.964890414727291], [106.75312813941783, 10.964961098313465], [106.75311800000009, 10.96492500000005], [106.75310811849188, 10.964890414727291]]], [[[106.75148100000007, 10.967169000000068], [106.75151300000005, 10.967138000000036], [106.75142981346369, 10.967211474042491], [106.75148100000007, 10.967169000000068]]], [[[106.75151300000005, 10.967138000000036], [106.75152000000008, 10.967149000000065], [106.75152100000008, 10.967148000000066], [106.75160000000005, 10.967251000000031], [106.75163803874209, 10.96730018142202], [106.75161142252597, 10.967225962220258], [106.75151300000005, 10.967138000000036]]], [[[106.75163803874209, 10.96730018142202], [106.75169900000009, 10.967379000000047], [106.75170479736458, 10.96738654356222], [106.75170321356556, 10.967316060744059], [106.75163803874209, 10.96730018142202]]], [[[106.74773889037694, 10.958261910716713], [106.74780642234225, 10.958277664332638], [106.74773720016209, 10.958192666656405], [106.74773889037694, 10.958261910716713]]], [[[106.74780642234225, 10.958277664332638], [106.74783067734019, 10.958352010804898], [106.74787984889764, 10.958367824471182], [106.74780642234225, 10.958277664332638]]], [[[106.74787984889764, 10.958367824471182], [106.74810465644997, 10.958644164597985], [106.74793700000004, 10.958438000000056], [106.74787984889764, 10.958367824471182]]], [[[106.74810465644997, 10.958644164597985], [106.74810634155348, 10.958712710239874], [106.74817321450195, 10.958728469279345], [106.74810465644997, 10.958644164597985]]], [[[106.74817321450195, 10.958728469279345], [106.74819812876922, 10.958802810192864], [106.74824653457023, 10.95881862965672], [106.74817321450195, 10.958728469279345]]], [[[106.74721600000004, 10.95754400000004], [106.74718672696845, 10.957483052752993], [106.74718756439863, 10.95754051069378], [106.74736982116241, 10.95773845836689], [106.74736400000006, 10.957731000000026], [106.74721600000004, 10.95754400000004]]], [[[106.74736982116241, 10.95773845836689], [106.74737144033463, 10.957811110639978], [106.7474392902453, 10.957826863308282], [106.74742800000007, 10.957813000000046], [106.74736982116241, 10.95773845836689]]], [[[106.7474392902453, 10.957826863308282], [106.7474632270454, 10.957901210863344], [106.74751271657402, 10.957917023557362], [106.7474392902453, 10.957826863308282]]], [[[106.74700247307699, 10.957099430436784], [106.7470033861941, 10.95717951119505], [106.74704908907408, 10.957196486503943], [106.74700247307699, 10.957099430436784]]], [[[106.74704908907408, 10.957196486503943], [106.74709547523686, 10.957360010964267], [106.7471357916034, 10.95737700386559], [106.74704908907408, 10.957196486503943]]], [[[106.74679236825033, 10.956655074746248], [106.74681920846545, 10.956818511537511], [106.746875574939, 10.956835449539332], [106.74683400000004, 10.956749000000059], [106.74679236825033, 10.956655074746248]]], [[[106.74679236825033, 10.956655074746248], [106.74675200000007, 10.956564000000071], [106.74672611020975, 10.956505963770564], [106.74672711977959, 10.95663801164919], [106.74679236825033, 10.956655074746248]]], [[[106.746875574939, 10.956835449539332], [106.74691100135293, 10.956910602285818], [106.74691129727029, 10.956999011386129], [106.74696238665751, 10.957015969106317], [106.74696000000006, 10.957011000000023], [106.746875574939, 10.956835449539332]]], [[[106.74565491630626, 10.96272435860197], [106.74564965921392, 10.962725478514038], [106.74565017322875, 10.962879157514433], [106.74565491630626, 10.96272435860197]]], [[[106.74546345531226, 10.961323251397168], [106.74545918398722, 10.96134347662573], [106.74546206327328, 10.961342964847606], [106.74546345531226, 10.961323251397168]]], [[[106.74520107393386, 10.96126697644579], [106.74535659853575, 10.961266468792772], [106.74519994058241, 10.96126178176053], [106.74520107393386, 10.96126697644579]]], [[[106.74088653328502, 10.956851401471571], [106.74088648221183, 10.956854154505573], [106.74090647360127, 10.956849896040659], [106.74088653328502, 10.956851401471571]]], [[[106.74067822533137, 10.957484881996363], [106.7406582753864, 10.95748350613811], [106.74067885085502, 10.957487749328445], [106.74067822533137, 10.957484881996363]]], [[[106.7405216326488, 10.957301752964579], [106.74052210117755, 10.957304587921113], [106.74054205111062, 10.95730596378939], [106.7405216326488, 10.957301752964579]]], [[[106.74043031658002, 10.957214485405318], [106.7404951284333, 10.957218955241311], [106.74049435534445, 10.95721427745912], [106.74042954349221, 10.957209807622865], [106.74043031658002, 10.957214485405318]]], [[[106.74040303931207, 10.957127009888163], [106.74040257078487, 10.957124174931291], [106.74038262086387, 10.957122799052753], [106.74040303931207, 10.957127009888163]]], [[[106.74024644699395, 10.956943880679693], [106.74026639690305, 10.956945256568252], [106.74024597846866, 10.95694104572239], [106.74024644699395, 10.956943880679693]]], [[[106.7402187012856, 10.956853570180305], [106.74015388951126, 10.956849100278163], [106.74015466259335, 10.956853778061882], [106.74021947436873, 10.956858247963767], [106.7402187012856, 10.956853570180305]]], [[[106.74006210516795, 10.95675899762696], [106.74006287824827, 10.956763675411084], [106.74012769000427, 10.956768145334328], [106.74012691692293, 10.956763467550461], [106.74006210516795, 10.95675899762696]]], [[[106.74003560113843, 10.95667619984552], [106.74003513261577, 10.956673364887632], [106.7400151827247, 10.956671988982237], [106.74003560113843, 10.95667619984552]]], [[[106.73987854077049, 10.956490235444399], [106.73987900929124, 10.956493070402717], [106.7398989591704, 10.95649444631813], [106.73987854077049, 10.956490235444399]]], [[[106.73985173226583, 10.956405594812315], [106.73985126374555, 10.956402759853905], [106.73983131387251, 10.956401383934809], [106.73985173226583, 10.956405594812315]]], [[[106.73951034660406, 10.955858592994241], [106.73951097211187, 10.955861460330302], [106.73953092194891, 10.95586283627368], [106.73951034660406, 10.955858592994241]]], [[[106.73759041621504, 10.956048485265995], [106.73757694842813, 10.956125369414256], [106.73765475452977, 10.956138677609149], [106.73766822229659, 10.956061793459208], [106.73759041621504, 10.956048485265995]]], [[[106.73748705315447, 10.95660478384647], [106.73740924693287, 10.956591475619131], [106.73739667814833, 10.956939558785704], [106.73747448446197, 10.956952867008098], [106.73748705315447, 10.95660478384647]]]]}}, {"type": "Feature", "properties": {"name": "Khu phố 2", "code": "KP2", "area_ha": 163.24, "ward_area_ha": 1669.11}, "geometry": {"type": "MultiPolygon", "coordinates": [[[[106.75190608472074, 10.9676607186211], [106.75191700000005, 10.96767600000004], [106.75206100000008, 10.96750900000006], [106.75206115730607, 10.967508785733994], [106.75190608472074, 10.9676607186211]]], [[[106.75206115730607, 10.967508785733994], [106.75259400000004, 10.96678300000002], [106.75263200000006, 10.966731000000038], [106.75278600000007, 10.966521000000055], [106.75279400000005, 10.966510000000026], [106.75206115730607, 10.967508785733994]]], [[[106.74954800000006, 10.969936000000075], [106.74965400000008, 10.96992300000005], [106.7499684168679, 10.969883697893886], [106.7495153757578, 10.96993586848822], [106.74951287312845, 10.969940893391973], [106.74951600000009, 10.969940000000067], [106.74954800000006, 10.969936000000075]]], [[[106.7499684168679, 10.969883697893886], [106.74997400000007, 10.969883000000037], [106.75000500000004, 10.969815000000041], [106.75003720479666, 10.969745169832379], [106.7499731686139, 10.969762549270243], [106.7499684168679, 10.969883697893886]]], [[[106.75003720479666, 10.969745169832379], [106.75010600000007, 10.969596000000022], [106.75010700000007, 10.969594000000027], [106.75016003628912, 10.969608916460805], [106.75014176712929, 10.969567635365891], [106.75007772589586, 10.969567845571007], [106.75003720479666, 10.969745169832379]]], [[[106.75016003628912, 10.969608916460805], [106.75020300000006, 10.969621000000071], [106.75033215372952, 10.969657149065995], [106.75016003628912, 10.969608916460805]]], [[[106.75033215372952, 10.969657149065995], [106.75052634155105, 10.969711500516691], [106.75050802103975, 10.969656833173014], [106.75033215372952, 10.969657149065995]]], [[[106.75052634155105, 10.969711500516691], [106.75057100000004, 10.969724000000038], [106.75057268247237, 10.969718765642925], [106.75052634155105, 10.969711500516691]]], [[[106.75057268247237, 10.969718765642925], [106.75059800000008, 10.969640000000025], [106.75064000000003, 10.969511000000068], [106.75064100000009, 10.969474000000046], [106.75070261168518, 10.969385745430134], [106.75061266914157, 10.969489249093499], [106.75057268247237, 10.969718765642925]]], [[[106.75070261168518, 10.969385745430134], [106.75071500000007, 10.969368000000033], [106.75072900000004, 10.969348000000025], [106.75074500000005, 10.969323000000031], [106.7507738458143, 10.969292301714207], [106.750703548411, 10.969308150171557], [106.75070261168518, 10.969385745430134]]], [[[106.7507738458143, 10.969292301714207], [106.75085400000006, 10.969207000000038], [106.75085900151203, 10.969201581696854], [106.75079473168202, 10.969217450462104], [106.7507738458143, 10.969292301714207]]], [[[106.75085900151203, 10.969201581696854], [106.75091400000008, 10.969142000000033], [106.75091700000007, 10.96913900000004], [106.75097539993578, 10.969078514359758], [106.75088591489748, 10.969126750729723], [106.75085900151203, 10.969201581696854]]], [[[106.75097539993578, 10.969078514359758], [106.75100100000009, 10.969052000000033], [106.75100000000003, 10.968999000000055], [106.75100500000008, 10.968973000000062], [106.75100700000007, 10.968958000000042], [106.75101000000006, 10.96893300000005], [106.75101000000006, 10.968930000000057], [106.75103300000006, 10.96889600000003], [106.75106300000004, 10.968851000000026], [106.75106640291655, 10.96884589562529], [106.75097679390231, 10.968945651746415], [106.75097539993578, 10.969078514359758]]], [[[106.75106640291655, 10.96884589562529], [106.75106700000003, 10.968845000000043], [106.75107100000008, 10.968840000000055], [106.75113291867127, 10.96874795873834], [106.75106767280397, 10.968764552743615], [106.75106640291655, 10.96884589562529]]], [[[106.75113291867127, 10.96874795873834], [106.75114500000007, 10.96873000000005], [106.75124887470156, 10.968576153215439], [106.75115885580246, 10.968673852946429], [106.75113291867127, 10.96874795873834]]], [[[106.75124887470156, 10.968576153215439], [106.7513163860048, 10.96847616345041], [106.75124973452026, 10.968492753903211], [106.75124887470156, 10.968576153215439]]], [[[106.7513163860048, 10.96847616345041], [106.75133000000005, 10.968456000000057], [106.75136800000007, 10.968399000000032], [106.75140100000004, 10.968350000000044], [106.75142923301668, 10.96830813725147], [106.75134091738246, 10.968402054062166], [106.7513163860048, 10.96847616345041]]], [[[106.75142923301668, 10.96830813725147], [106.75143000000008, 10.96830700000004], [106.75143400000007, 10.968286000000035], [106.75111292312262, 10.967939362032757], [106.75142923301668, 10.96830813725147]]], [[[106.75111292312262, 10.967939362032757], [106.7510294432035, 10.96784923603494], [106.75106484408043, 10.967923839910668], [106.75111292312262, 10.967939362032757]]], [[[106.7510294432035, 10.96784923603494], [106.7509459633354, 10.967759110009288], [106.75097305301271, 10.96783374119757], [106.7510294432035, 10.96784923603494]]], [[[106.7509459633354, 10.967759110009288], [106.75091900000007, 10.967730000000074], [106.75090900000004, 10.967718000000048], [106.75090100000006, 10.967710000000068], [106.75087000000008, 10.96767600000004], [106.75088126200058, 10.967743642451397], [106.7509459633354, 10.967759110009288]]], [[[106.7512435983941, 10.967365993156275], [106.75116827463698, 10.967394658778195], [106.75115236533277, 10.967441697201332], [106.7512435983941, 10.967365993156275]]], [[[106.7512435983941, 10.967365993156275], [106.75133483140824, 10.967290289087614], [106.75125945721983, 10.967303958982548], [106.7512435983941, 10.967365993156275]]], [[[106.75133483140824, 10.967290289087614], [106.75142981346369, 10.967211474042491], [106.75135063974709, 10.967213259163977], [106.75133483140824, 10.967290289087614]]], [[[106.74947531851504, 10.97001629739367], [106.74942515445343, 10.970035548116586], [106.74941289123154, 10.970689904143928], [106.74943100000007, 10.970627000000036], [106.74943800000005, 10.970519000000023], [106.74945200000008, 10.970305000000053], [106.74945300000007, 10.970287000000042], [106.74947500000007, 10.970017000000041], [106.74947531851504, 10.97001629739367]]], [[[106.74882049407871, 10.970658213471795], [106.74880007461636, 10.970654003295612], [106.74880054325526, 10.970656838228242], [106.74882049407871, 10.970658213471795]]], [[[106.74877356663995, 10.970571206669089], [106.74877279336938, 10.970566528926335], [106.74870797862452, 10.97056206111961], [106.74870875189407, 10.970566738862615], [106.74877356663995, 10.970571206669089]]], [[[106.7486810020462, 10.97047642954864], [106.7486161873207, 10.97047196172051], [106.74861696058848, 10.970476639463925], [106.74868177531498, 10.970481107291796], [106.7486810020462, 10.97047642954864]]], [[[106.74858921077859, 10.970386330137877], [106.74852439607248, 10.970381862288345], [106.74852516933846, 10.970386540032168], [106.74858998404558, 10.970391007881442], [106.74858921077859, 10.970386330137877]]], [[[106.74843337814403, 10.970296440567344], [106.74849819283178, 10.97030090843802], [106.74849741956656, 10.970296230694048], [106.74843260487984, 10.970291762823116], [106.74843337814403, 10.970296440567344]]], [[[106.74834158700519, 10.97020634106946], [106.74840640167355, 10.970210808961538], [106.74840562841011, 10.970206131217157], [106.74834081374279, 10.970201663324824], [106.74834158700519, 10.97020634106946]]], [[[106.74824979592192, 10.970116241538511], [106.7483146105709, 10.970120709451988], [106.74831383730925, 10.970116031707198], [106.7482490226613, 10.970111563793463], [106.74824979592192, 10.970116241538511]]], [[[106.74815800489425, 10.970026141974497], [106.74822281952383, 10.970030609909376], [106.74822204626398, 10.97002593216418], [106.7481572316354, 10.970021464229045], [106.74815800489425, 10.970026141974497]]], [[[106.74806544066509, 10.969931364631565], [106.74806621392213, 10.969936042377425], [106.74813102853237, 10.969940510333704], [106.74813025527428, 10.969935832588098], [106.74806544066509, 10.969931364631565]]], [[[106.74797364975035, 10.969841265001024], [106.74797442300563, 10.96984594274729], [106.74803923759646, 10.96985041072497], [106.74803846434015, 10.969845732978959], [106.74797364975035, 10.969841265001024]]], [[[106.74788263214468, 10.969755843084096], [106.74794744671614, 10.969760311083173], [106.74794667346163, 10.969755633336755], [106.74788185889119, 10.96975116533742], [106.74788263214468, 10.969755843084096]]], [[[106.7478553512663, 10.969668368596684], [106.74785488263866, 10.969665533661493], [106.74783493188099, 10.969664158348374], [106.7478553512663, 10.969668368596684]]], [[[106.74771869816095, 10.969486619666103], [106.74769827878947, 10.969482409407318], [106.74769874741517, 10.969485244342941], [106.74771869816095, 10.969486619666103]]], [[[106.74760695675141, 10.969395144577499], [106.74767177124491, 10.969399612642587], [106.74767099799611, 10.969394934894902], [106.74760618350365, 10.969390466829552], [106.74760695675141, 10.969395144577499]]], [[[106.74757920737032, 10.969304835117388], [106.74751439289724, 10.969300367030645], [106.74751516614323, 10.969305044778995], [106.74757998061735, 10.969309512865486], [106.74757920737032, 10.969304835117388]]], [[[106.74742260234642, 10.969210267198683], [106.74742337559063, 10.969214944947439], [106.74748819004536, 10.969219413055328], [106.74748741680014, 10.96921473530682], [106.74742260234642, 10.969210267198683]]], [[[106.7473315850936, 10.969124845082826], [106.74739639952897, 10.969129313212111], [106.74739562628551, 10.969124635463201], [106.74733081185117, 10.969120167333664], [106.7473315850936, 10.969124845082826]]], [[[106.74723902141152, 10.969030067435586], [106.74723979465215, 10.969034745185162], [106.74730460906812, 10.969039213335838], [106.74730383582646, 10.969034535586522], [106.74723902141152, 10.969030067435586]]], [[[106.74714723102741, 10.968939967504456], [106.74714800426628, 10.968944645254439], [106.74721281866287, 10.968949113426513], [106.747212045423, 10.968944435676788], [106.74714723102741, 10.968939967504456]]], [[[106.7471202550751, 10.968854335734001], [106.74705544069892, 10.968849867540273], [106.74705621393598, 10.968854545290661], [106.7471210283132, 10.968859013484131], [106.7471202550751, 10.968854335734001]]], [[[106.74702893340046, 10.968767070695602], [106.74702846478279, 10.96876423575816], [106.74700851408488, 10.968762860385207], [106.74702893340046, 10.968767070695602]]], [[[106.74685700431526, 10.968105516729423], [106.74685711184485, 10.968137610780548], [106.74689346939795, 10.968129865504892], [106.7468627773076, 10.968131975490415], [106.74685700431526, 10.968105516729423]]], [[[106.74689228123032, 10.968585321303184], [106.74687170492925, 10.96858107861012], [106.74687233054433, 10.968583945920187], [106.74689228123032, 10.968585321303184]]], [[[106.7468436926971, 10.968044506939139], [106.74684306708389, 10.968041639628789], [106.74682311643453, 10.968040264239308], [106.7468436926971, 10.968044506939139]]], [[[106.74684458147809, 10.968493636362256], [106.74676679850785, 10.9684882740482], [106.74676655989364, 10.968417051298008], [106.74676113303693, 10.96849390933717], [106.74684458147809, 10.968493636362256]]], [[[106.73807850132626, 10.96942057571516], [106.73809177461118, 10.96942331296475], [106.73809224314648, 10.969426147923157], [106.7381121939001, 10.96942752387967], [106.73817005278966, 10.969439455670955], [106.73817599234837, 10.96951627687727], [106.73833956043894, 10.969515746357276], [106.73835356528232, 10.96960048470654], [106.73841139782022, 10.969604473221713], [106.73843181712441, 10.969608684113686], [106.73844535346113, 10.969690587498054], [106.73845832219251, 10.969691481904157], [106.7384590952997, 10.969696159687722], [106.73852390989575, 10.969700629705299], [106.73853714169552, 10.969780690256552], [106.73855041499925, 10.969783427484328], [106.73855088353974, 10.969786262441536], [106.7385708343171, 10.969787638365702], [106.73862869328866, 10.96979957006191], [106.73863463298052, 10.969876391246585], [106.73879820124634, 10.969875860463207], [106.73881220624457, 10.969960598776591], [106.73887003885133, 10.96996458719798], [106.73889045818444, 10.969968798056403], [106.73890399467089, 10.970050701406084], [106.7389169634177, 10.970051595791162], [106.73891773653344, 10.970056273572743], [106.73898255120665, 10.970060743485215], [106.73899578315276, 10.970140804002563], [106.73900905647531, 10.970143541208532], [106.73900952502098, 10.970146376164537], [106.7390294758221, 10.97014775205635], [106.73908733487562, 10.970159683657482], [106.73909327470062, 10.970236504820505], [106.73915228214278, 10.970236313255093], [106.73917909703108, 10.970241842966136], [106.73943981910557, 10.97023537961379], [106.73944785796817, 10.970235353507457], [106.73946696480752, 10.970144890941983], [106.73999648494275, 10.970143170830257], [106.74001559160871, 10.970052708244868], [106.74091106303831, 10.970049797236891], [106.74093016941752, 10.969959334618327], [106.74128237891574, 10.969952572152657], [106.74129581956895, 10.969867744718787], [106.74164236331262, 10.969866617044524], [106.74166146945852, 10.96977615439943], [106.74191652528927, 10.969775324171083], [106.74193563134686, 10.96968486151604], [106.74209919934344, 10.969684328969905], [106.74211830534108, 10.969593866308228], [106.74237336098012, 10.969593035711126], [106.74239246688947, 10.969502573039506], [106.74264752242898, 10.969501742219752], [106.74266662825, 10.969411279538193], [106.74292168368997, 10.969410448495795], [106.74294078942269, 10.969319985804292], [106.74328733235494, 10.969318856314933], [106.743306437971, 10.969228393610189], [106.74356149320451, 10.96922756204596], [106.74358059873228, 10.969137099331281], [106.74392714138398, 10.969135969132928], [106.7439462467951, 10.969045506405012], [106.74420130182213, 10.96904467431897], [106.74422040714495, 10.968954211581128], [106.74456694951607, 10.968953080673797], [106.74458605472225, 10.968862617922726], [106.74511557175074, 10.968860889114596], [106.7451346767836, 10.968770426343694], [106.74557270620303, 10.96876899551975], [106.74559181109086, 10.968678532732323], [106.74602984031392, 10.968677101263149], [106.74604894505677, 10.9685866384592], [106.7465784613577, 10.968584907152175], [106.74658192951865, 10.96853044637408], [106.74658952712915, 10.96849447061926], [106.74641459143265, 10.968495042692831], [106.7463948813085, 10.968404706794509], [106.74604833976933, 10.968405839724603], [106.74602862976262, 10.968315503791809], [106.74577357550281, 10.968316337352565], [106.74575386558632, 10.968226001393646], [106.74549881138184, 10.968226834717736], [106.74547910155556, 10.968136498732703], [106.74531553457828, 10.968137033018676], [106.74529582481499, 10.968046697015875], [106.74513225787793, 10.968047231199163], [106.74511254817762, 10.96795689517859], [106.74494898128079, 10.967957429259199], [106.74492927164347, 10.967867093220859], [106.74476570478684, 10.96786762719879], [106.74474599521251, 10.967777291142678], [106.74458242839611, 10.967777825017935], [106.74456842193602, 10.96769308709223], [106.74447687078552, 10.967674209045574], [106.74447092968977, 10.967597388091585], [106.74430736295854, 10.967597921810572], [106.74429335658871, 10.96751318386365], [106.74420180550467, 10.967494305727756], [106.74419586448721, 10.96741748476099], [106.74403229784114, 10.967418018323722], [106.74401829156162, 10.967333280355582], [106.74396045948781, 10.967329292872217], [106.74394004029777, 10.967325082343347], [106.7439265026357, 10.967243179313071], [106.74391353401604, 10.967242285131718], [106.74391276083416, 10.967237607368176], [106.74384794679942, 10.967233138456601], [106.74383471376537, 10.967153078237525], [106.74382174514959, 10.967152184051898], [106.74382097196947, 10.967147506287947], [106.74375615795412, 10.967143037354989], [106.7437429249506, 10.967062977128952], [106.7437299563387, 10.96706208293904], [106.74372918316037, 10.967057405174687], [106.74366436916439, 10.96705293622034], [106.74365113619139, 10.966972875987347], [106.74363816758337, 10.966971981793154], [106.74363739440683, 10.966967304028394], [106.74357258043023, 10.966962835052662], [106.74355934748775, 10.966882774812706], [106.74354637888361, 10.966881880614238], [106.74354560570885, 10.966877202849068], [106.74348079175164, 10.966872733851954], [106.74346755883967, 10.966792673605038], [106.74345459023941, 10.96679177940229], [106.74345381706642, 10.966787101636715], [106.7433890031286, 10.966782632618214], [106.74337577024716, 10.96670257236434], [106.74336280165078, 10.966701678157314], [106.74336202847958, 10.966697000391331], [106.74329721456114, 10.966692531351443], [106.7432839817102, 10.966612471090613], [106.7432710131177, 10.966611576879309], [106.74327023994829, 10.96660689911292], [106.74320542604922, 10.96660243005165], [106.74319219322882, 10.966522369783862], [106.7431789200486, 10.966519632748772], [106.74317845147256, 10.96651679780148], [106.74315850092152, 10.966515422161487], [106.74310064249556, 10.966503491283161], [106.7431001031145, 10.96634186898303], [106.74304227123132, 10.966337881307235], [106.74302185211808, 10.966333670709489], [106.74300831477466, 10.966251767607163], [106.74299504160771, 10.966249030562814], [106.74299457303405, 10.966246195614998], [106.74297462250105, 10.96624481996129], [106.74291676413294, 10.9662328890426], [106.74291622486535, 10.966071266730559], [106.74285839303445, 10.96606727901499], [106.74283797394162, 10.966063068402999], [106.74282443666706, 10.965981165285582], [106.74281116351338, 10.965978428231974], [106.74281069494211, 10.96597559328364], [106.74279074442714, 10.965974217616203], [106.74273288611687, 10.96596228665716], [106.74273234696278, 10.96580066433321], [106.74264079647251, 10.965781785671544], [106.74263995585167, 10.965529763862644], [106.74254840544968, 10.96551088516511], [106.74254696195595, 10.965078064377705], [106.7424554116989, 10.965059185639038], [106.74245188485332, 10.964001511608114], [106.74244627167964, 10.964001423903708], [106.74244615542996, 10.963987970189773], [106.74172563596669, 10.963990315068013], [106.74170770449209, 10.964075216995242], [106.74054465733498, 10.96408455531691], [106.7405366186412, 10.964084581437717], [106.74051751235802, 10.964175044043436], [106.73908118047964, 10.964179707781465], [106.73906147294271, 10.964089371164382], [106.73905343424519, 10.964089397246092], [106.73897565239608, 10.964084032828985], [106.73894887539952, 10.964089736469948], [106.73888986917248, 10.96408992789005], [106.73888713180372, 10.964102888170645], [106.73888423000618, 10.964103506267984], [106.73888283753216, 10.964123219724003], [106.73887076237932, 10.964180390436105], [106.73824976652323, 10.964182404272004], [106.73823065952848, 10.964272866794829], [106.73779263574897, 10.964274286490962], [106.7377735286093, 10.964364748997175], [106.73724401839941, 10.964366464353578], [106.73722491108646, 10.964456926839858], [106.73678688690272, 10.96445834511445], [106.73676777944485, 10.964548807584109], [106.7362382687464, 10.96455052122203], [106.73621916111526, 10.964640983671739], [106.73559816379992, 10.964642992189754], [106.73557905596718, 10.964733454616178], [106.73514103115858, 10.96473487056124], [106.73513560126241, 10.964811728667366], [106.73504417829947, 10.96483120099476], [106.73504471323005, 10.964992823705659], [106.7349589558579, 10.965006660926498], [106.73493984781373, 10.965097123329585], [106.73486210285405, 10.96510299131324], [106.73486263769935, 10.965264614030145], [106.73477688023698, 10.965278451207023], [106.73475777212631, 10.965368913603413], [106.73468002708839, 10.965374781546975], [106.7346805618484, 10.965536404269892], [106.7345948042958, 10.965550241402807], [106.73458937426147, 10.965627099508666], [106.7345036166766, 10.96564093661847], [106.73448450846783, 10.965731399004818], [106.73440676332424, 10.965737266887198], [106.73440732422954, 10.965906832857524], [106.73449887445675, 10.965925714034658], [106.7344994091459, 10.96608733676058], [106.73457719154271, 10.966092702281022], [106.73459119508196, 10.966177440928847], [106.73466897750204, 10.966182806423644], [106.73468298107359, 10.966267545064127], [106.73476076351695, 10.966272910533283], [106.73477476712078, 10.966357649166424], [106.73485254958742, 10.966363014609938], [106.73486655322353, 10.966447753235736], [106.73495810363713, 10.966466634257312], [106.73496434146718, 10.966633855300907], [106.73503642113968, 10.966633622345173], [106.73505042484699, 10.966718360955404], [106.73512820740724, 10.966723726319831], [106.73514221114684, 10.966808464922721], [106.73515517975436, 10.96680935948136], [106.73515595279882, 10.966814037279327], [106.73522076677585, 10.966818508059214], [106.73523399750223, 10.96689856885705], [106.73524696611365, 10.966899463411412], [106.73524773915989, 10.966904141208975], [106.7353125531563, 10.966908611967494], [106.73532578391321, 10.966988672758392], [106.73533875252849, 10.966989567308476], [106.73533952557653, 10.966994245105633], [106.73540433959235, 10.966998715842783], [106.73541757037975, 10.967078776626742], [106.7354305389989, 10.96707967117255], [106.73543131204872, 10.967084348969307], [106.73549612608394, 10.967088819685083], [106.73550935690186, 10.9671688804621], [106.73552263007076, 10.967171617834783], [106.7355230985765, 10.96717445279998], [106.7355430491812, 10.967175828939068], [106.73560090756509, 10.967187761266912], [106.73560684636816, 10.967264582595929], [106.73577041334808, 10.96726405356219], [106.73578441730707, 10.967348792114558], [106.73584224941338, 10.967352781158967], [106.73586266853911, 10.967356992240312], [106.73587620402103, 10.967438895821], [106.73588917265565, 10.967439790345784], [106.73588994571399, 10.967444468140558], [106.73595475982638, 10.967448938751279], [106.73596799079057, 10.96752899949444], [106.73598095942904, 10.967529894014952], [106.7359817324892, 10.96753457180932], [106.73604654662098, 10.967539042398668], [106.73605977761568, 10.96761910313489], [106.73611760977393, 10.967623092122086], [106.7361380289208, 10.967627303182958], [106.73615156449634, 10.967709206742342], [106.73620939667191, 10.967713195710472], [106.73622981582584, 10.967717406764518], [106.73624335143259, 10.967799310316806], [106.73624338866775, 10.96781054374397], [106.73632122028032, 10.967805195784594], [106.73633513842441, 10.96788941385827], [106.73639297063458, 10.967893402788254], [106.73641338980262, 10.96789761382865], [106.7364269254718, 10.967979517366736], [106.73643989412969, 10.967980411865865], [106.73644066719875, 10.967985089658205], [106.73650548142751, 10.967989560140689], [106.73651871257475, 10.968069620842206], [106.73657654481954, 10.96807360973405], [106.73659696400168, 10.9680778207608], [106.73661049973329, 10.968159724284682], [106.73662346839893, 10.968160618775258], [106.73662424147156, 10.968165296566784], [106.73668905573912, 10.96816976700652], [106.73670228694738, 10.968249827694153], [106.73671525561691, 10.968250722180452], [106.73671602869133, 10.968255399971577], [106.73678084297829, 10.968259870389938], [106.73679407421706, 10.96833993107063], [106.73680704289048, 10.968340825552652], [106.73680781596667, 10.968345503343372], [106.73687263027303, 10.968349973740354], [106.7368858615423, 10.968430034414107], [106.7368988302196, 10.96843092889185], [106.73689960329757, 10.968435606682162], [106.73696441762333, 10.96844007705777], [106.73697764892312, 10.96852013772458], [106.7369906176043, 10.968521032198051], [106.73699139068405, 10.968525709987954], [106.73705620502922, 10.968530180342189], [106.73706943635952, 10.968610241002054], [106.73708240504459, 10.968611135471242], [106.73708317812611, 10.968615813260744], [106.73714799249066, 10.968620283593602], [106.73716122385149, 10.968700344246525], [106.73717419254044, 10.968701238711438], [106.73717496562375, 10.968705916500534], [106.7372397800077, 10.968710386812013], [106.73725301139903, 10.968790447457994], [106.73726598009186, 10.96879134191863], [106.73726675317697, 10.96879601970732], [106.73733156758031, 10.968800489997422], [106.73734479900216, 10.96888055063646], [106.73735807225863, 10.968883287920788], [106.73735854078575, 10.968886122881102], [106.73737849150378, 10.968887498889154], [106.73743635026933, 10.968899430831872], [106.73743658666086, 10.968970653781918], [106.73738722517895, 10.968981167671773], [106.73760588510184, 10.968975889306837], [106.73761986204491, 10.96906046037846], [106.73771141337859, 10.969079340484676], [106.7377173528042, 10.96915616171263], [106.7378809207195, 10.969155631456005], [106.737894925408, 10.969240369841142], [106.73795275787704, 10.969244358450089], [106.7379731771523, 10.969248569375612], [106.73798671333934, 10.969330472794656], [106.73799968205529, 10.969331367221791], [106.73800045515392, 10.969336045007335], [106.7380652696728, 10.969340515130012], [106.73807850132626, 10.96942057571516]]], [[[106.74093016941752, 10.969959334618327], [106.74126867445572, 10.969958233504546], [106.7412698192351, 10.969952813307064], [106.74093016941752, 10.969959334618327]]], [[[106.73908733487562, 10.970159683657482], [106.73908754527909, 10.970222963341604], [106.73909230354056, 10.970223944581793], [106.73908733487562, 10.970159683657482]]], [[[106.7464487000559, 10.966323313115833], [106.74648510848166, 10.966330820420156], [106.74648180537247, 10.965344370547665], [106.74647940542597, 10.966325222308239], [106.7464487000559, 10.966323313115833]]], [[[106.7461310507173, 10.965783958845746], [106.74615100121528, 10.965785334294274], [106.74613058211531, 10.965781123905215], [106.7461310507173, 10.965783958845746]]], [[[106.7460833517156, 10.965692273709184], [106.74610377080897, 10.965696484102027], [106.74610330220744, 10.965693649161404], [106.7460833517156, 10.965692273709184]]], [[[106.745946701666, 10.96551052368231], [106.74594717026561, 10.965513358623364], [106.74596712074556, 10.96551473408562], [106.745946701666, 10.96551052368231]]], [[[106.74591942184266, 10.965423048913607], [106.74589947136883, 10.965421673447661], [106.7459198904418, 10.965425883854751], [106.74591942184266, 10.965423048913607]]], [[[106.73908874760937, 10.970584561531467], [106.73908823661387, 10.970430882301837], [106.73908349034593, 10.970585681343959], [106.73908874760937, 10.970584561531467]]], [[[106.73697888134313, 10.97060496388409], [106.73672382441917, 10.970605790041196], [106.736704716713, 10.970696252506944], [106.7366189578389, 10.970710090325737], [106.7366329359386, 10.970786885555206], [106.73899792439654, 10.970784834265737], [106.7389973232701, 10.970604035169286], [106.7390241008406, 10.970598331475557], [106.73854554838942, 10.970599884595716], [106.73852584041316, 10.970509548004236], [106.73699798896098, 10.970514501408353], [106.73697888134313, 10.97060496388409]]], [[[106.73881074762787, 10.971231827688275], [106.73754931873306, 10.971235919318609], [106.73753021125916, 10.971326381814192], [106.7369092002378, 10.971328394213206], [106.73689009256216, 10.971418856685503], [106.73662135664954, 10.971433287214339], [106.73663533480041, 10.97151008243711], [106.73707336938479, 10.971508663480073], [106.73709307702138, 10.971599000192262], [106.73724860740595, 10.971598496205955], [106.73726771497721, 10.971508033720674], [106.73881735223644, 10.971508624593842], [106.73881617653845, 10.971154969620706], [106.73881074762787, 10.971231827688275]]], [[[106.73653187716923, 10.97203926087791], [106.73679266470005, 10.972051976301607], [106.73680613304761, 10.97197509218679], [106.73654534558496, 10.97196237676877], [106.73653187716923, 10.97203926087791]]], [[[106.73670568782633, 10.9701407394305], [106.73670855692073, 10.970140276480384], [106.7367099495324, 10.970120563026986], [106.73670568782633, 10.9701407394305]]], [[[106.7366984770629, 10.971238676199436], [106.736711945417, 10.971161792085834], [106.73654264700934, 10.97114878027614], [106.7365291786111, 10.971225664386065], [106.7366984770629, 10.971238676199436]]], [[[106.73662002793594, 10.970167229687146], [106.73661715884109, 10.970167692636464], [106.73661576622327, 10.970187406089927], [106.73662002793594, 10.970167229687146]]], [[[106.73653157731896, 10.971948861269883], [106.73651759916375, 10.971872066043986], [106.73636206860178, 10.97187256966952], [106.7363623683984, 10.971962969282638], [106.73653157731896, 10.971948861269883]]], [[[106.73642311258213, 10.970968366160347], [106.73643658100248, 10.970891482052467], [106.73635877101187, 10.970878173889368], [106.7363453025714, 10.97095505799556], [106.73642311258213, 10.970968366160347]]], [[[106.73642521116626, 10.971601163466548], [106.7362560024318, 10.971615271403815], [106.73626998050256, 10.97169206664989], [106.7364255109745, 10.971691563079546], [106.73642521116626, 10.971601163466548]]], [[[106.73642041459131, 10.970154769584678], [106.73617329719768, 10.970150246623112], [106.73617339687866, 10.970155569221097], [106.73642041459131, 10.970154769584678]]], [[[106.73634539250087, 10.97098217788132], [106.7360846058974, 10.970969461990807], [106.73607113738294, 10.971046346090931], [106.73615698630476, 10.971059628303228], [106.73616292541655, 10.971136449583073], [106.73624073547143, 10.971149757790881], [106.73625984333819, 10.971059295342124], [106.73634560233724, 10.971045457614567], [106.73634539250087, 10.97098217788132]]], [[[106.73626638354393, 10.970607271207069], [106.73624727569603, 10.97069773365619], [106.73616151678878, 10.970711571348074], [106.73616172658073, 10.970774851085963], [106.73633102477622, 10.970787863127587], [106.73634419346054, 10.970620579400507], [106.73626638354393, 10.970607271207069]]], [[[106.73617879172191, 10.971782762449868], [106.73616562295047, 10.971950046169772], [106.73624343322153, 10.971963354357737], [106.73625660194882, 10.971796070638353], [106.73617879172191, 10.971782762449868]]], [[[106.73614954683269, 10.971240453571633], [106.73616301533092, 10.971163569470002], [106.73599371691917, 10.971150557353214], [106.7359802483768, 10.971227441451164], [106.73614954683269, 10.971240453571633]]], [[[106.73607362484859, 10.97179666296994], [106.73599581462557, 10.971783354734013], [106.7359826457505, 10.971950638454926], [106.73606045601767, 10.971963946690328], [106.73607362484859, 10.97179666296994]]], [[[106.73606993866879, 10.970684747581657], [106.73605596071931, 10.97060795231283], [106.73580894260316, 10.970608751686388], [106.7357954740244, 10.970685635780876], [106.7358870258004, 10.970704516400057], [106.7359010300411, 10.970789254911342], [106.73596507181384, 10.97078904766285], [106.73598417975255, 10.970698585224017], [106.73606993866879, 10.970684747581657]]], [[[106.73579736149287, 10.971255153476257], [106.735811639036, 10.971422348388263], [106.73588935926736, 10.971408536791753], [106.7358888498854, 10.971254857421576], [106.73579736149287, 10.971255153476257]]], [[[106.73561105188087, 10.971965401032001], [106.73563075912422, 10.97205573787203], [106.735708479531, 10.972041926307174], [106.73569390239369, 10.971784331762672], [106.73562986040143, 10.971784538972724], [106.7356107523125, 10.97187500139837], [106.73552499302508, 10.971888838941966], [106.73553897092917, 10.97196563423548], [106.73561105188087, 10.971965401032001]]], [[[106.7246153892167, 10.937100383173258], [106.72470693007034, 10.937119268140385], [106.72471286479852, 10.93719609012437], [106.72487641581068, 10.937195568352925], [106.72489041454598, 10.937280307958867], [106.72498195546598, 10.937299192837123], [106.72498789027216, 10.93737601480848], [106.72515144136949, 10.93737549288136], [106.72516544019474, 10.937460232466275], [106.7252569811811, 10.93747911725566], [106.7252629160653, 10.937555939214386], [106.72542646724779, 10.937555417131591], [106.725440466163, 10.937640156695476], [106.7255182411288, 10.937645525190048], [106.72553224007618, 10.93773026474663], [106.72562378116045, 10.937749149416643], [106.72562971614997, 10.937825971358324], [106.72579326746252, 10.937825449066478], [106.72580726649986, 10.937910188602025], [106.7258988076505, 10.93792907318316], [106.72590474271803, 10.938005895112202], [106.72606829411573, 10.93800537266467], [106.72608229324304, 10.938090112179184], [106.726160068324, 10.9380954804991], [106.7261740674835, 10.938180220006311], [106.72626560873204, 10.938199104468065], [106.7262715439049, 10.938275926380058], [106.72643509543266, 10.938275403723456], [106.72644909468211, 10.93836014320963], [106.72654063599701, 10.938379027582492], [106.7265465712479, 10.938455849481844], [106.72671012286081, 10.938455326669542], [106.72672412220024, 10.938540066134674], [106.72681566358149, 10.93855895041865], [106.72682159891039, 10.938635772305355], [106.72698515060847, 10.938635249337347], [106.72699915003786, 10.938719988781438], [106.72707692527996, 10.93872535685213], [106.72709092474153, 10.938810096288911], [106.7271824662207, 10.938828980453492], [106.72718840165496, 10.93890580232314], [106.72735195348307, 10.938905279146038], [106.7273659530346, 10.938990018561775], [106.72745749458012, 10.939008902637452], [106.72746343009241, 10.93908572449445], [106.72919015826008, 10.939080194898656], [106.72920926711288, 10.938989732697367], [106.73092795577999, 10.93898421909186], [106.73094706409259, 10.938893756827367], [106.73257427276606, 10.938888527721812], [106.7325933805667, 10.938798065397522], [106.73422058791137, 10.938792827569346], [106.73422601816682, 10.93871596937133], [106.73431176813234, 10.938702132986206], [106.73433087538947, 10.938611670598872], [106.73440861350527, 10.938605803338993], [106.73440808023808, 10.938444180318227], [106.73449949531596, 10.93842470884682], [106.73449866371989, 10.938172685965327], [106.73459007870783, 10.93815321447421], [106.73458954536495, 10.937991591457516], [106.73468096029009, 10.937972119944309], [106.73468042690706, 10.937810496930137], [106.73477184176939, 10.937791025394839], [106.73477100999268, 10.937539002523636], [106.73486242476508, 10.937519530968626], [106.73486159293302, 10.937267508099845], [106.73495300761546, 10.937248036525132], [106.73495217572805, 10.936996013658772], [106.73504359032057, 10.936976542064352], [106.73504275837782, 10.93672451920042], [106.73513417288041, 10.936705047586296], [106.73513334088231, 10.93645302472479], [106.73522475529496, 10.93643355309096], [106.7352236247914, 10.936091130376134], [106.73531503908698, 10.936071658724984], [106.73531331159126, 10.935548436298937], [106.73540472571548, 10.935528964635234], [106.73540240120997, 10.934824942488685], [106.73549381510855, 10.934805470817187], [106.73549029667409, 10.933739849210214], [106.73558171023852, 10.933720377540455], [106.73557458429272, 10.931562014194952], [106.73548304477545, 10.931543132388786], [106.73547952745484, 10.93047751055142], [106.7353879882797, 10.930458628686026], [106.7353856649178, 10.929754606302918], [106.73529412597185, 10.929735724388747], [106.7352923995381, 10.929212501743006], [106.73520086076482, 10.929193619785286], [106.73519913458219, 10.928670397106298], [106.73510759598157, 10.928651515105024], [106.73510616824193, 10.928218692298746], [106.73501462978575, 10.928199810256537], [106.73501350039501, 10.927857387335953], [106.73493572803864, 10.92785202104859], [106.73491607065897, 10.927786499163021], [106.72834127006148, 10.92780994764242], [106.72834463377232, 10.930571649706858], [106.72829777559704, 10.930590872143082], [106.72828800000008, 10.931509946828141], [106.72830338762407, 10.932387894762408], [106.7283506474112, 10.932406771133085], [106.72835944762083, 10.93509165281769], [106.72346091892986, 10.935133979350256], [106.7234768569755, 10.935206931918653], [106.72351152003037, 10.935224655740114], [106.72356176786958, 10.935477864780689], [106.72360388242521, 10.935495564849555], [106.72360456916739, 10.935614434523062], [106.72364707720116, 10.935748809760732], [106.72369624500695, 10.935766473911949], [106.72369669568346, 10.93590460308651], [106.72373281089232, 10.936019739917182], [106.72378860777559, 10.936037382927292], [106.72378943855445, 10.936198690722104], [106.72384712275604, 10.93638098006235], [106.7238812657516, 10.936398692057962], [106.72390427880471, 10.936561600106831], [106.72397333387354, 10.936579200816833], [106.7239792683911, 10.936656022834896], [106.72406510702784, 10.93666930938102], [106.7240710415727, 10.936746131394669], [106.72423459236963, 10.936745609987911], [106.72424859089284, 10.936830349643197], [106.72434013164857, 10.936849234729676], [106.72434606627145, 10.9369260567307], [106.72450961715354, 10.936925535168282], [106.72452361576671, 10.937010274802546], [106.72460139057135, 10.937015643546292], [106.7246153892167, 10.937100383173258]]], [[[106.73569210490211, 10.971241933959876], [106.73569180532935, 10.971151534324175], [106.73552259677788, 10.971165641835267], [106.73553657463079, 10.971242437135468], [106.73569210490211, 10.971241933959876]]], [[[106.73551362118344, 10.972598520468148], [106.73552586534025, 10.97215209461603], [106.73561729046635, 10.972132621961121], [106.7356033125307, 10.972055826674465], [106.73543410345994, 10.972069934180503], [106.73542897319481, 10.972237191897516], [106.73534885324662, 10.9722374510667], [106.73532914607034, 10.97214711420312], [106.7352514256103, 10.972160925674986], [106.73525193470603, 10.972314605065641], [106.73534348697268, 10.972333485805768], [106.7353574911786, 10.972418224339911], [106.73543527523717, 10.972423589494394], [106.73543581075978, 10.972585212105846], [106.73551362118344, 10.972598520468148]]], [[[106.73517211813227, 10.971695619006468], [106.73541913719849, 10.971694820071063], [106.73543824534005, 10.971604357652343], [106.73560181471419, 10.971603828502493], [106.73561528336428, 10.971526944413188], [106.73534645734964, 10.97151425393803], [106.7353267502415, 10.971423917065865], [106.73517121985786, 10.971424420063194], [106.73515211164028, 10.971514882472245], [106.73497486392296, 10.971529015694873], [106.73498914103388, 10.971696210681385], [106.7350668613925, 10.971682399285491], [106.7350666255085, 10.971611176297063], [106.73515241105918, 10.971605282120533], [106.73517211813227, 10.971695619006468]]], [[[106.73544269032399, 10.970519535929279], [106.73542952112855, 10.97068681966202], [106.73550733104781, 10.9707001280706], [106.73552050019912, 10.970532844338376], [106.73544269032399, 10.970519535929279]]], [[[106.73541614229164, 10.970790823641858], [106.73542961097229, 10.970713939555763], [106.73535180105107, 10.970700631127352], [106.7353383323503, 10.970777515211763], [106.73541614229164, 10.970790823641858]]], [[[106.73524573623192, 10.970443332378458], [106.73507643822788, 10.970430319712253], [106.73506296946087, 10.970507203790934], [106.73523226750905, 10.970520216460823], [106.73524573623192, 10.970443332378458]]], [[[106.73499093731988, 10.972238608583215], [106.73499093517586, 10.972238863174642], [106.73499619676669, 10.972239012835034], [106.73499093731988, 10.972238608583215]]], [[[106.73489855052858, 10.971967705438495], [106.7348850816805, 10.972044589511688], [106.73496289194838, 10.972057898029535], [106.73497636077634, 10.971981013954652], [106.73489855052858, 10.971967705438495]]], [[[106.73470000934607, 10.971412383415549], [106.73479156130954, 10.971431264349762], [106.73480556529516, 10.971516002931503], [106.73486960724554, 10.971515795899723], [106.73488275045183, 10.97134056893574], [106.73496049702996, 10.971334700808065], [106.73497396584236, 10.971257816732482], [106.73488241392656, 10.971238935849271], [106.7348684099394, 10.971154197270314], [106.73471287967526, 10.971154700021467], [106.73470000934607, 10.971412383415549]]], [[[106.73469701670355, 10.970508386773318], [106.73477482655923, 10.970521695376043], [106.73478829540217, 10.970444811303668], [106.73471048556661, 10.97043150270263], [106.73469701670355, 10.970508386773318]]], [[[106.7346100171527, 10.97186467743066], [106.7347015057655, 10.971864381716298], [106.73468663024106, 10.971516387383392], [106.7346089098989, 10.971530198680183], [106.7346100171527, 10.97186467743066]]]]}}, {"type": "Feature", "properties": {"name": "Khu phố 3", "code": "KP3", "area_ha": 212.27, "ward_area_ha": 1669.11}, "geometry": {"type": "MultiPolygon", "coordinates": [[[[106.73524600000007, 10.92748800000004], [106.73520100000007, 10.927490000000034], [106.73517900000007, 10.92745000000002], [106.7351741036793, 10.927452121739616], [106.73511900000005, 10.927476000000068], [106.73505400000005, 10.927504000000056], [106.73500095924219, 10.927534565861343], [106.73499500000008, 10.927538000000025], [106.73519800000008, 10.927725000000065], [106.73492743698776, 10.927786360542948], [106.73491607065897, 10.927786499163021], [106.73492478921668, 10.927815559822944], [106.73492198825083, 10.927846448511866], [106.7350135265933, 10.927865330592168], [106.73501465598491, 10.928207753512568], [106.73510619444357, 10.928226635554546], [106.73510762218432, 10.928659458360604], [106.7351991607874, 10.928678340361646], [106.73520088697137, 10.929201563040357], [106.73529242574713, 10.92922044499785], [106.7352941521822, 10.929743667643313], [106.73538569113065, 10.929762549557257], [106.73538801449435, 10.930466571939993], [106.73547955367196, 10.93048545380516], [106.73548307099527, 10.93155107564196], [106.73557461051503, 10.9315699574479], [106.73558168401074, 10.93371243428864], [106.7354902704487, 10.933731905958187], [106.73549378888043, 10.934797527565726], [106.73540237498423, 10.934816999237013], [106.73540469948796, 10.93552102138393], [106.73531328536612, 10.935540493047428], [106.73531501286051, 10.936063715473747], [106.73522359856732, 10.936083187124687], [106.73522472907001, 10.936425609839695], [106.73513331465975, 10.936445081473318], [106.73513414665719, 10.936697104334954], [106.73504273215698, 10.936716575948871], [106.7350435640991, 10.936968598812935], [106.73495214950897, 10.936988070407143], [106.73495298139575, 10.937240093273639], [106.73486156671568, 10.93725956484814], [106.7348623985471, 10.937511587717058], [106.73477098377708, 10.937531059271851], [106.73477181555316, 10.937783082143191], [106.73468040069321, 10.937802553678283], [106.73468093407584, 10.937964176692537], [106.73458951915309, 10.937983648205535], [106.73459005249553, 10.938145271222316], [106.73449863751, 10.938164742713225], [106.73449946910542, 10.93841676559485], [106.73440805402993, 10.938436237066046], [106.73440858729668, 10.938597860086897], [106.73431717215841, 10.938617331536], [106.73431802984263, 10.93887729767615], [106.73439580509269, 10.938882663868295], [106.73440980661508, 10.938967402788332], [106.73450134841248, 10.938986284715043], [106.73450188175724, 10.939147907725541], [106.73457965707745, 10.939153273864369], [106.73459365867083, 10.939238012768863], [106.73468520055955, 10.939256894631928], [106.73468573401743, 10.9394185176306], [106.73477727596594, 10.939437399460536], [106.73477780948271, 10.93959902245281], [106.73485558491997, 10.93960438851058], [106.7348695866232, 10.939689127391318], [106.73496112866303, 10.939708009157599], [106.73496166229292, 10.939869632138045], [106.73505320439253, 10.939888513871196], [106.73505373808132, 10.940050136845242], [106.73514528024073, 10.940069018545255], [106.73514581398842, 10.940230641512905], [106.73523735620762, 10.940249523179785], [106.73523789001422, 10.94041114614103], [106.73531566566243, 10.940416512062246], [106.73532966755315, 10.940501250902805], [106.73542120986366, 10.940520132506023], [106.73542174378339, 10.940681755455438], [106.7355132861537, 10.940700637025516], [106.73551382013234, 10.940862259968535], [106.73560536256245, 10.940881141505473], [106.7356058966, 10.941042764442088], [106.7356974390899, 10.941061645945886], [106.73569827192377, 10.941313668688592], [106.73578981450174, 10.941332550156638], [106.73579034866181, 10.941494173079477], [106.7358681245916, 10.941499538834224], [106.73588782907427, 10.941589876003148], [106.73605138194567, 10.941589348041456], [106.73607108649115, 10.941679685192696], [106.7364175979946, 10.941678566305521], [106.73643730265722, 10.941768903422457], [106.73669233491408, 10.94176807964813], [106.73671203966667, 10.941858416739066], [106.73705855131058, 10.941857297106752], [106.73707825618031, 10.941947634163375], [106.73742476788945, 10.94194651410661], [106.73744447287633, 10.942036851128913], [106.7377909846507, 10.942035730647692], [106.73781068975471, 10.942126067635673], [106.73815720159429, 10.94212494672999], [106.73817690681544, 10.942215283683646], [106.73843193931967, 10.942214458423676], [106.7384516446308, 10.942304795351316], [106.73879815661073, 10.94230367370043], [106.738817862039, 10.942394010593738], [106.7391643740841, 10.942392888518366], [106.73918407962954, 10.942483225377337], [106.73953059173978, 10.942482102877475], [106.73955029740236, 10.94257243970211], [106.73989680957776, 10.942571316777748], [106.73991651535748, 10.942661653568036], [106.74035450708459, 10.94266023358865], [106.74037421300862, 10.942750570336267], [106.74172699967184, 10.94274618048285], [106.74174670601175, 10.942836517104574], [106.74245913620426, 10.94283420276387], [106.74247884276996, 10.942924539317929], [106.74291683454202, 10.942923115630444], [106.74293654125205, 10.943013452141804], [106.74337453309364, 10.943012027786544], [106.74339423994797, 10.943102364255193], [106.74374075233412, 10.9431012369161], [106.7437604593056, 10.943191573350362], [106.74401549221194, 10.943190743355341], [106.74403519927343, 10.943281079763546], [106.74429023223495, 10.943280249532414], [106.74430993938644, 10.943370585914549], [106.74465645198751, 10.943369457509267], [106.74467615925613, 10.943459793857008], [106.74493119232065, 10.943458963077262], [106.74495089967928, 10.943549299398935], [106.74520593279897, 10.943548468383065], [106.7452256402476, 10.943638804678661], [106.74557215306352, 10.943637675207144], [106.7455918606293, 10.943728011468334], [106.74584689385193, 10.94372717990383], [106.74586660150773, 10.943817516138942], [106.7462131144635, 10.943816385921984], [106.74623282223645, 10.943906722122682], [106.74648785556198, 10.943905890009523], [106.74650756342494, 10.943996226184137], [106.7468540765205, 10.943995095221714], [106.74687378450064, 10.944085431361906], [106.74712881792904, 10.944084598700082], [106.74714852599918, 10.944174934814184], [106.74749503923451, 10.94417380310627], [106.7475147474218, 10.944264139185947], [106.74776978095306, 10.944263305975433], [106.74778948923037, 10.944353642029013], [106.74813600260542, 10.944352509575593], [106.7481557109999, 10.94444284559473], [106.74836619433452, 10.944442157495278], [106.74842352731362, 10.944211950466725], [106.74842299861922, 10.944003529660277], [106.74847586449462, 10.943985186988224], [106.74851386455063, 10.943819938738942], [106.74851326751632, 10.943641632769356], [106.74855947711627, 10.943623311852486], [106.74860386674159, 10.943431193412035], [106.74860353623146, 10.943279735862598], [106.7486430895725, 10.94326143670328], [106.748676019524, 10.943118902380288], [106.7486820000001, 10.943089000000041], [106.74873861348317, 10.942808992837254], [106.74875600000007, 10.942723000000058], [106.748790914319, 10.942523227377848], [106.74904700000008, 10.94112400000006], [106.74919374656685, 10.940626760299732], [106.74919600000004, 10.940620000000026], [106.74928895522022, 10.940304152155255], [106.74928900000003, 10.940304000000028], [106.74948100000006, 10.939516000000024], [106.74970551912767, 10.939226143288613], [106.74971300000004, 10.939217000000044], [106.74971338730475, 10.939215985371394], [106.7499558310379, 10.93870514034678], [106.75000600000004, 10.93861000000004], [106.75053300000008, 10.937489000000028], [106.75059000000005, 10.93740500000007], [106.75064600000007, 10.937323000000047], [106.75066900000007, 10.937289000000018], [106.75071400000007, 10.937222000000077], [106.75071900000006, 10.937216000000033], [106.75072000000006, 10.93721400000004], [106.75071673834908, 10.9372109302111], [106.75070300000004, 10.937198000000027], [106.75029300000006, 10.936910000000069], [106.74960200000004, 10.936423000000051], [106.74960180446809, 10.936422880849467], [106.74672200000005, 10.934668000000043], [106.74675600000006, 10.934622000000045], [106.74712800000003, 10.934129000000041], [106.74711958749447, 10.934128904688679], [106.74604300000004, 10.934116000000074], [106.74604300000004, 10.93411000000003], [106.74604400000004, 10.934033000000058], [106.74604400000004, 10.93400900000006], [106.74604400000004, 10.93396900000005], [106.74604067205398, 10.933967224527125], [106.74521572835503, 10.933490449532488], [106.74521500000009, 10.933490000000061], [106.74484000000007, 10.933372000000077], [106.74482900000004, 10.933369000000027], [106.74512500000009, 10.932533000000035], [106.74514100000005, 10.932489000000032], [106.74513510728138, 10.932487526820388], [106.74513300000007, 10.93248700000004], [106.74507600000005, 10.932473000000074], [106.74490200000008, 10.93243000000007], [106.74484700000006, 10.932416000000046], [106.74476900000008, 10.932401000000027], [106.74467907460509, 10.932387011605298], [106.74467900000008, 10.93238700000006], [106.74467849964752, 10.932386933286415], [106.74464383037623, 10.932382210746834], [106.74438700000007, 10.932343000000058], [106.74432967352743, 10.93233941709616], [106.74310833232639, 10.932173045865442], [106.74310800000006, 10.932173000000034], [106.74239200000005, 10.932144000000049], [106.74237057084832, 10.932143273591533], [106.74222081857725, 10.93213723013806], [106.74217800000008, 10.93213500000007], [106.74211600000007, 10.932133000000022], [106.74210000000005, 10.93188500000002], [106.74204100000009, 10.930949000000055], [106.74203300000005, 10.930826000000026], [106.74199100000004, 10.930164000000048], [106.74190400699136, 10.929012092575457], [106.74174100000005, 10.927197000000033], [106.74174926123428, 10.926786486839845], [106.73894144088847, 10.927010965405191], [106.73894100000008, 10.927011000000048], [106.73871100000008, 10.927059000000042], [106.73661000000004, 10.927291000000027], [106.73660068294429, 10.927234165960808], [106.73660000000007, 10.927230000000066], [106.73654600000003, 10.927219000000036], [106.73654460613987, 10.927219294702324], [106.73524600000007, 10.92748800000004]]], [[[106.73524600000007, 10.92748800000004], [106.73609326936771, 10.927312685181809], [106.73524900000007, 10.927485000000047], [106.73524600000007, 10.92748800000004]]], [[[106.73871100000008, 10.927059000000042], [106.73802800000004, 10.927132000000029], [106.73762733447919, 10.927178664086764], [106.73871100000008, 10.927059000000042]]], [[[106.74174926123428, 10.926786486839845], [106.7417465162398, 10.926922889593495], [106.74175800000006, 10.92687100000006], [106.74176000000006, 10.926860000000035], [106.74175500000007, 10.92678600000005], [106.74174926123428, 10.926786486839845]]], [[[106.74190400699136, 10.929012092575457], [106.74190400000003, 10.929012000000057], [106.7419039899699, 10.929011903042174], [106.74190400699136, 10.929012092575457]]], [[[106.73493572803864, 10.92785202104859], [106.73495567599593, 10.927853397458222], [106.73493485230166, 10.927849102047011], [106.73493572803864, 10.92785202104859]]]]}}, {"type": "Feature", "properties": {"name": "Khu phố 4", "code": "KP4", "area_ha": 57.91, "ward_area_ha": 1669.11}, "geometry": {"type": "MultiPolygon", "coordinates": [[[[106.72895215717546, 10.944500333972888], [106.72895293003496, 10.944505011806728], [106.72901773915102, 10.944509484338873], [106.72903096671179, 10.944589545750684], [106.72910874348494, 10.944594913166739], [106.72904393435056, 10.94459044065566], [106.72904470721184, 10.944595118489092], [106.72910951634725, 10.944599590999921], [106.72912274393846, 10.94467965240482], [106.72920052073486, 10.944685019795296], [106.72913571158111, 10.94468054730553], [106.72913648444417, 10.944685225138564], [106.72920129359895, 10.944689697628071], [106.72921452122057, 10.944769759026062], [106.7292922980402, 10.944775126390951], [106.7292274888671, 10.944770653922506], [106.72922826173193, 10.944775331755134], [106.72929307090607, 10.944779804223325], [106.72930629855814, 10.9448598656144], [106.729384075401, 10.944865232953708], [106.72931926620853, 10.944860760506577], [106.72932003907515, 10.944865438338805], [106.72938484826865, 10.944869910785679], [106.72939807595114, 10.944949972169837], [106.72947585281726, 10.944955339483561], [106.72941104360541, 10.944950867057752], [106.72941181647381, 10.944955544889574], [106.72947662568667, 10.944960017315129], [106.7294898533996, 10.945040078692374], [106.72950312553213, 10.945042816420985], [106.72950359392792, 10.94504565140744], [106.72952354304823, 10.945047028072828], [106.72951427047236, 10.945045115359388], [106.72958139691448, 10.945058961952219], [106.72958733322835, 10.945135783680433], [106.72975088835474, 10.94513525892436], [106.72976488902712, 10.945219998112101], [106.7298227168305, 10.945223988682269], [106.72984313436186, 10.94522820031123], [106.72984266596245, 10.94522536532563], [106.72985666666705, 10.94531010450605], [106.72986993881378, 10.945312842217339], [106.72987040721365, 10.945315677202846], [106.72989035635173, 10.945317053842532], [106.72988108376595, 10.945315141141196], [106.72994821027989, 10.945328987646409], [106.72995414669917, 10.94540580935753], [106.73011770195565, 10.94540528439221], [106.73013170275028, 10.945490023551558], [106.73018953060512, 10.945494014047226], [106.73020994815833, 10.945498225649533], [106.73020947975483, 10.945495390664881], [106.73022348058169, 10.94558012981691], [106.73023675274261, 10.945582867510876], [106.73023722114657, 10.94558570249543], [106.73025717030241, 10.945587079109412], [106.73024789770669, 10.945585166420182], [106.73031502429244, 10.945599012837775], [106.73031525846852, 10.945670236049356], [106.73023751835046, 10.94567610243091], [106.73032096081717, 10.945675834531801], [106.73048451620373, 10.945675309357222], [106.73050421947426, 10.945765646966715], [106.73066777490108, 10.945765121689723], [106.7306817758758, 10.945849860806913], [106.73077331968776, 10.945868743680352], [106.73077925634134, 10.945945565353462], [106.7309428118533, 10.945945039920632], [106.73096251528517, 10.946035377485432], [106.73214039743759, 10.946031590768525], [106.73215950563784, 10.945941128461957], [106.73314638739667, 10.945937952247906], [106.73316549528256, 10.94584748990477], [106.73369497323118, 10.945845784480346], [106.73371408094411, 10.945755322117272], [106.73396911681967, 10.945754500321161], [106.73397488807814, 10.945780959501766], [106.73397454710774, 10.945677642145437], [106.73406029906444, 10.945663805662472], [106.73407940665773, 10.94557334328609], [106.73415714658685, 10.945567475934991], [106.73415661310827, 10.945405852975458], [106.73424803030301, 10.94538638140148], [106.73424749678422, 10.945224758444471], [106.73433324859303, 10.945210921896816], [106.73435235608515, 10.94512045951042], [106.73443009588541, 10.945114592100348], [106.73442956228152, 10.944952969149345], [106.73452097931491, 10.944933497506653], [106.73452044567081, 10.944771874558175], [106.73460619733173, 10.94475803794585], [106.7346253047227, 10.944667575549431], [106.73470304439412, 10.944661708080393], [106.7347025106649, 10.944500085137925], [106.73479392753697, 10.94448061342653], [106.73479339376755, 10.944318990486584], [106.73488481057677, 10.944299518753079], [106.73488427676716, 10.944137895815654], [106.73497569351356, 10.944118424060047], [106.73497515966373, 10.943956801125145], [106.73506657634731, 10.943937329347433], [106.73506604245729, 10.943775706415053], [106.73515745907802, 10.943756234615238], [106.73515692514779, 10.943594611685384], [106.73524834170571, 10.943575139863464], [106.73524780773528, 10.943413516936133], [106.73533922423036, 10.943394045092116], [106.73533839153767, 10.943142022356323], [106.73542980794277, 10.943122550492584], [106.73542927389663, 10.942960927569334], [106.7355206902389, 10.942941455683496], [106.73551985742816, 10.942689432954072], [106.73561127368045, 10.942669961048516], [106.73561044081434, 10.942417938321515], [106.73570185697665, 10.942398466396247], [106.73570072529365, 10.942056043864175], [106.73579214133882, 10.942036571921573], [106.73579130836929, 10.941784549197921], [106.73588272432447, 10.941765077235608], [106.73588269806889, 10.941757133988688], [106.73588782907427, 10.941589876003148], [106.73588205776345, 10.941563416859259], [106.73588186504465, 10.941505111267332], [106.73586875002259, 10.941502406186066], [106.7358681245916, 10.941499538834224], [106.73584817571755, 10.941498162565027], [106.735865578126, 10.94150175195619], [106.73579032240936, 10.941486229832194], [106.73578978824969, 10.941324606909271], [106.73569824567421, 10.941305725440994], [106.735697412841, 10.941053702698158], [106.73560587035358, 10.941034821194126], [106.73560533631644, 10.94087319825743], [106.73551379388883, 10.940854316720257], [106.73551325991059, 10.940692693777155], [106.73542171754275, 10.940673812206851], [106.73542118362343, 10.940512189257348], [106.73536335675854, 10.940508199673586], [106.73534293951106, 10.94050398839123], [106.73534340795061, 10.940506823365368], [106.73532940605565, 10.940422084525835], [106.73531613410151, 10.940419347036476], [106.73531566566243, 10.940416512062246], [106.7352957168606, 10.940415135750351], [106.73530498931139, 10.940417048298054], [106.73523786377915, 10.940403202891861], [106.73523732997295, 10.940241579930527], [106.73514578775625, 10.94022269826342], [106.73514525400896, 10.940061075295688], [106.73505371185203, 10.940042193595444], [106.73505317816367, 10.93988057062131], [106.73496163606653, 10.939861688887932], [106.73496110243705, 10.939700065907402], [106.734903275729, 10.939696076222111], [106.7348828585419, 10.939691864903386], [106.73488332697517, 10.93969469987887], [106.73486932526768, 10.93960996099915], [106.73485605335279, 10.93960722348615], [106.73485558491997, 10.93960438851058], [106.73483563617225, 10.939603012163658], [106.73484490859563, 10.939604924727876], [106.73477778326188, 10.939591079202117], [106.7347772497455, 10.939429456209755], [106.7346857077995, 10.939410574379592], [106.73468517434203, 10.939248951380835], [106.73462734772102, 10.939244961635273], [106.7346069305676, 10.939240750294964], [106.73460739899721, 10.939243585271239], [106.73459339739956, 10.939158846367768], [106.73458012550658, 10.939156108840734], [106.73457965707745, 10.939153273864369], [106.73455970835974, 10.939151897496659], [106.73456898076782, 10.939153810070678], [106.73450185554486, 10.93913996447395], [106.7345013222005, 10.93897834146337], [106.73444349563164, 10.938974351678162], [106.73442307849861, 10.938970140323658], [106.73442354692583, 10.938972975300453], [106.7344095453992, 10.938888236381443], [106.73439627351947, 10.938885498845181], [106.73439580509269, 10.938882663868295], [106.73437585639299, 10.93888128748691], [106.7343851287918, 10.938883200067373], [106.7343180036358, 10.93886935442398], [106.73431736451936, 10.938675637166474], [106.73431176813234, 10.938702132986206], [106.73423165717551, 10.938702391080586], [106.73422888696881, 10.93871550646952], [106.73422601816682, 10.93871596937133], [106.73422462535193, 10.938735682854796], [106.73421254988438, 10.938792853464301], [106.73258534253561, 10.938798091249682], [106.7325662347325, 10.93888855357368], [106.73093902605494, 10.93889378263644], [106.73091991773987, 10.938984244900638], [106.72920122906847, 10.938989758460947], [106.72918212021317, 10.939080220661939], [106.72764638757687, 10.939085139061948], [106.72765201654471, 10.94080273980835], [106.72773785646365, 10.94081602520206], [106.72774342400278, 10.942514448966712], [106.72783496666372, 10.942533332829672], [106.72783757139679, 10.943327756239459], [106.72791534784413, 10.943333123990193], [106.72792934787238, 10.943417863324242], [106.72802089082256, 10.943436747105446], [106.72802142087778, 10.943598370384022], [106.72809919739532, 10.943603738081464], [106.72811319749457, 10.943688477400002], [106.72819097403536, 10.943693845071866], [106.7282049741668, 10.943778584383097], [106.72828275073081, 10.943783952029378], [106.72829675089446, 10.943868691333293], [106.72837452748172, 10.943874058953996], [106.72838852767758, 10.9439587982506], [106.72846630428808, 10.943964165845728], [106.72848030451614, 10.944048905135011], [106.72855808114987, 10.944054272704559], [106.72849327213166, 10.944049800065576], [106.72849404498228, 10.944054477901439], [106.72855885400152, 10.944058950540162], [106.72857208141014, 10.944139011986527], [106.7286498580671, 10.944144379530494], [106.72858504902953, 10.944139906912833], [106.72858582188192, 10.944144584748289], [106.72865063092053, 10.944149057365697], [106.72866385835958, 10.944229118805154], [106.72874163503978, 10.944234486323536], [106.72867682598284, 10.944230013727191], [106.72867759883702, 10.944234691562242], [106.72874240789498, 10.944239164158333], [106.72875563536446, 10.94431922559088], [106.72883341206791, 10.944324593083685], [106.72876860299161, 10.944320120508651], [106.72876937584756, 10.944324798343303], [106.72883418492489, 10.944329270918079], [106.7288474124248, 10.944409332343714], [106.72892518915148, 10.944414699810935], [106.7288603800558, 10.94441022725722], [106.72886115291354, 10.944414905091461], [106.72892596201022, 10.944419377644923], [106.72893918954057, 10.944499439063646], [106.72901696629049, 10.944504806505288], [106.72895215717546, 10.944500333972888]]], [[[106.7343508145649, 10.938610165697762], [106.73433087538947, 10.938611670598872], [106.73433026891469, 10.938614541925185], [106.7343508145649, 10.938610165697762]]], [[[106.73405285757985, 10.945844631231086], [106.73398779703184, 10.945840142471491], [106.73398882113365, 10.945844837613434], [106.73405370987132, 10.945849314518858], [106.73405285757985, 10.945844631231086]]], [[[106.73022544194141, 10.94573327294771], [106.73022117999051, 10.94575344930013], [106.73022404886878, 10.945752986429758], [106.73022544194141, 10.94573327294771]]], [[[106.73013126422762, 10.945800113571433], [106.73013552618512, 10.945779937219745], [106.73013265730638, 10.94578040008932], [106.73013126422762, 10.945800113571433]]], [[[106.72994733208016, 10.945935130134528], [106.72995020096081, 10.945934667266547], [106.72995159405146, 10.945914953784344], [106.72994733208016, 10.945935130134528]]], [[[106.72986167819286, 10.945961617983606], [106.72985880931175, 10.945962080850792], [106.72985741621498, 10.945981794333061], [106.72986167819286, 10.945961617983606]]], [[[106.72967348382407, 10.946116810749961], [106.7296763527071, 10.946116347884367], [106.72967774581576, 10.946096634402009], [106.72967348382407, 10.946116810749961]]], [[[106.72958356785662, 10.946163474875712], [106.72958782985488, 10.946143298528494], [106.7295849609714, 10.946143761393285], [106.72958356785662, 10.946163474875712]]], [[[106.72939963522225, 10.946298491146406], [106.72940250410765, 10.946298028283204], [106.72940389723433, 10.946278314800688], [106.72939963522225, 10.946298491146406]]], [[[106.72931398117116, 10.946324978854394], [106.7293111122853, 10.946325441716795], [106.7293097191525, 10.946345155199378], [106.72931398117116, 10.946324978854394]]], [[[106.72913004830714, 10.946459994980374], [106.7291257862747, 10.946480171323856], [106.72912865516247, 10.946479708463047], [106.72913004830714, 10.946459994980374]]], [[[106.72903726325346, 10.946507121821305], [106.72903273728755, 10.946571165531182], [106.72903747105917, 10.94657040179519], [106.72904199702405, 10.94650635808533], [106.72903726325346, 10.946507121821305]]], [[[106.72894607911229, 10.946597815129111], [106.72894468595553, 10.946617528611874], [106.7289489480016, 10.946597352269873], [106.72894607911229, 10.946597815129111]]], [[[106.72876501479564, 10.946732368202287], [106.72876075273577, 10.946752544542784], [106.728763621627, 10.946752081685139], [106.72876501479564, 10.946732368202287]]], [[[106.72867509848514, 10.946779032086873], [106.72867222959344, 10.94677949494372], [106.72867083641869, 10.946799208426636], [106.72867509848514, 10.946779032086873]]], [[[106.72849116503572, 10.946914047873053], [106.72848690295547, 10.946934224211313], [106.72848977184907, 10.946933761356059], [106.72849116503572, 10.946914047873053]]], [[[106.72840124862293, 10.946960711684842], [106.72839837972886, 10.946961174539297], [106.72839698653608, 10.94698088802237], [106.72840124862293, 10.946960711684842]]], [[[106.72821305282939, 10.947115903660805], [106.72821592172538, 10.947115440807941], [106.72821731493005, 10.947095727324784], [106.72821305282939, 10.947115903660805]]]]}}, {"type": "Feature", "properties": {"name": "Khu phố 5", "code": "KP5", "area_ha": 29.89, "ward_area_ha": 1669.11}, "geometry": {"type": "MultiPolygon", "coordinates": [[[[106.72846630428808, 10.943964165845728], [106.72840149528922, 10.94395969318543], [106.72840226813807, 10.943964371021695], [106.72846707713794, 10.943968843681734], [106.72846630428808, 10.943964165845728]]], [[[106.72828800000008, 10.931510000000058], [106.72830100000006, 10.932329000000035], [106.72830338762407, 10.932387894762408], [106.72828800000008, 10.931509946828141], [106.72828800000008, 10.931510000000058]]], [[[106.72828800000008, 10.931509946828141], [106.72829777559704, 10.930590872143082], [106.72828800000008, 10.931017000000054], [106.72828800000008, 10.931509946828141]]], [[[106.72829777559704, 10.930590872143082], [106.72834463377232, 10.930571649706858], [106.72834127006148, 10.92780994764242], [106.72832400000004, 10.92781000000002], [106.72830200000004, 10.927811000000075], [106.72830200000004, 10.927819000000058], [106.72830200000004, 10.927932000000053], [106.72830000000005, 10.928206000000046], [106.72830100000006, 10.929268000000032], [106.72830200000004, 10.929783000000041], [106.72830700000009, 10.929955000000065], [106.72831000000008, 10.93005800000003], [106.72829777559704, 10.930590872143082]]], [[[106.72830338762407, 10.932387894762408], [106.72830700000009, 10.932477000000059], [106.72831500000007, 10.93271100000004], [106.72832000000005, 10.934137000000023], [106.72832294440181, 10.935091968519933], [106.72835944762083, 10.93509165281769], [106.7283506474112, 10.932406771133085], [106.72830338762407, 10.932387894762408]]], [[[106.72830971850223, 10.94386958627239], [106.7283104913493, 10.943874264109056], [106.72837530032982, 10.94387873679041], [106.72837452748172, 10.943874058953996], [106.72830971850223, 10.94386958627239]]], [[[106.72828352357713, 10.943788629866194], [106.72828275073081, 10.943783952029378], [106.7282179417707, 10.943779479326455], [106.72821871461599, 10.943784157163527], [106.72828352357713, 10.943788629866194]]], [[[106.72819097403536, 10.943693845071866], [106.7281261650946, 10.943689372347631], [106.7281269379381, 10.943694050185105], [106.72819174687989, 10.943698522909084], [106.72819097403536, 10.943693845071866]]], [[[106.72812452951852, 10.947142853915837], [106.72812457190145, 10.947155771460512], [106.72812739841497, 10.947142391063773], [106.72812452951852, 10.947142853915837]]], [[[106.72811215832279, 10.947214535932268], [106.72795554136971, 10.94722023609348], [106.72811105945073, 10.947219737866911], [106.72811215832279, 10.947214535932268]]], [[[106.72807924837052, 10.943602361313982], [106.72809966577448, 10.943606573071683], [106.72809919739532, 10.943603738081464], [106.72807924837052, 10.943602361313982]]], [[[106.7279424629384, 10.943420568745115], [106.72794308830028, 10.943423436119083], [106.7279630373132, 10.943424812896565], [106.7279424629384, 10.943420568745115]]], [[[106.72794207125594, 10.94729712004077], [106.72794346447863, 10.947277406557463], [106.72793920235759, 10.947297582891244], [106.72794207125594, 10.94729712004077]]], [[[106.72353500000008, 10.941873000000045], [106.72353500000008, 10.942265000000079], [106.72353580513158, 10.94228915394613], [106.72353200834158, 10.939848589213764], [106.72353300000009, 10.940513000000067], [106.72353400000009, 10.941211000000065], [106.72353500000008, 10.941873000000045]]], [[[106.72353200834158, 10.939848589213764], [106.72353599999998, 10.942414383226597], [106.72353600000008, 10.942420000000025], [106.72354600000006, 10.942420000000027], [106.72382600000009, 10.94241800000003], [106.72386400000005, 10.942418000000032], [106.72405800000007, 10.942417000000033], [106.72405511211849, 10.943610306866152], [106.72405500000008, 10.943616000000077], [106.72406800000005, 10.943616000000077], [106.72440500000006, 10.943608000000042], [106.72455700000006, 10.943605000000051], [106.72466800000007, 10.943602000000057], [106.72466800000007, 10.943625000000054], [106.72467500000005, 10.94395000000003], [106.72468800000009, 10.944461000000045], [106.7246908485129, 10.944565445434382], [106.72469100000006, 10.944571000000055], [106.72477700000007, 10.944570000000056], [106.72481900000008, 10.944570000000056], [106.72554100000008, 10.944563000000073], [106.72553700000009, 10.945104000000072], [106.72553600000003, 10.945280000000025], [106.72553907962907, 10.945281857404213], [106.7256216635703, 10.945331665900838], [106.72616296126357, 10.94565824671716], [106.72617900000006, 10.945668000000069], [106.72623500000009, 10.945702000000038], [106.72626000000008, 10.945717000000057], [106.72627400000005, 10.945726000000034], [106.72627900000003, 10.945729000000027], [106.72632444343955, 10.945755673323317], [106.72632500000009, 10.945756000000072], [106.72663800000004, 10.945868000000075], [106.72665300000007, 10.945874000000059], [106.72667600000005, 10.945882000000037], [106.72669300000007, 10.945893000000066], [106.72675700000008, 10.945937000000074], [106.72675877028625, 10.945938180190916], [106.72674816486014, 10.94588164698178], [106.72656505708186, 10.94583763452891], [106.72656504792316, 10.945834838321876], [106.72656313053804, 10.945249431986884], [106.72665454838283, 10.945229962647916], [106.7266525385102, 10.944616339133757], [106.72674395615627, 10.94459686978443], [106.72674313063365, 10.944344846416975], [106.72682888272776, 10.94433101196817], [106.72683431487444, 10.944254153755649], [106.72692006693633, 10.94424031928376], [106.72692549905976, 10.944163461071332], [106.72692097262858, 10.944227504795593], [106.7269257063718, 10.944226741094974], [106.72693023280198, 10.944162697370727], [106.72701125108945, 10.944149626576362], [106.72701668318965, 10.944072768364029], [106.72701215677783, 10.944136812088214], [106.72701689051928, 10.944136048386321], [106.72702141693007, 10.944072004662152], [106.72710243518713, 10.944058933845977], [106.72712154487047, 10.943968471722215], [106.72728509947761, 10.94396794834191], [106.7272905315076, 10.943891090130169], [106.7273762834341, 10.943877255540636], [106.72735283117674, 10.943881039159043], [106.72738198569513, 10.943882854086343], [106.72738171544084, 10.943800397328992], [106.72746746733513, 10.94378656271638], [106.72748657689552, 10.943696100579224], [106.72756431661672, 10.943690234937282], [106.72756378680467, 10.943528611637529], [106.72764953860894, 10.943514776981], [106.72765497054645, 10.943437918769337], [106.72774072231853, 10.943424084089731], [106.72774349284119, 10.943410968735174], [106.72774636170313, 10.943410505889625], [106.72774775494335, 10.943390792402724], [106.72775983178099, 10.943333621942507], [106.72791534784413, 10.943333123990193], [106.72783757139679, 10.943327756239459], [106.72783494062057, 10.942525389563912], [106.72774339796213, 10.942506505700724], [106.72773783042727, 10.94080808193518], [106.72764628830916, 10.94078919799483], [106.72765197600692, 10.940790371293287], [106.72764638757687, 10.939085139061948], [106.7274714681436, 10.93908569877637], [106.72745746855563, 10.939000959368963], [106.72736592701258, 10.938982075293058], [106.72735999152967, 10.93890525343131], [106.72719643970196, 10.938905776612707], [106.72718244020395, 10.938821037184253], [106.72712461364098, 10.93881704600232], [106.72710419657894, 10.93881283414869], [106.7271046649372, 10.938815669142775], [106.7270906654714, 10.93873092970701], [106.72707739363779, 10.938728191846304], [106.72707692527996, 10.93872535685213], [106.72705697658229, 10.938723979988909], [106.72706624894887, 10.938725892796054], [106.72699912402626, 10.938712045511709], [106.72699318864868, 10.938635223632895], [106.72682963695102, 10.938635746605204], [106.72681563757517, 10.938551007148396], [106.72672409619639, 10.938532122864197], [106.72671816089685, 10.93845530097274], [106.72655460928434, 10.938455823789344], [106.72654060999845, 10.938371084311495], [106.72644906868604, 10.938352199938405], [106.7264431334645, 10.938275378034307], [106.72627958193715, 10.93827590069521], [106.72626558274123, 10.938191161196324], [106.72620775629807, 10.938187169829085], [106.72618733928745, 10.938182957909177], [106.72618780763563, 10.938185792905614], [106.7261738084719, 10.938101053399423], [106.72616053667173, 10.93809831549563], [106.726160068324, 10.9380954804991], [106.72614011966768, 10.938094103571961], [106.7261493920109, 10.938096016409201], [106.72608226725738, 10.938082168906949], [106.72607633214119, 10.938005346985795], [106.72591278074388, 10.93800586943763], [106.72589878167013, 10.937921129910404], [106.72580724052197, 10.937902245329044], [106.7258013054838, 10.937825423395253], [106.72563775417164, 10.937825945691403], [106.72562375518784, 10.937741206143139], [106.7255659288303, 10.937737214646045], [106.72554551185631, 10.937733002679684], [106.72554598019741, 10.937735837677776], [106.72553198124578, 10.93765109812221], [106.72551870946941, 10.937648360188224], [106.7255182411288, 10.937645525190048], [106.725498292502, 10.937644148218107], [106.72550756482859, 10.937646061076444], [106.72544044019553, 10.93763221342148], [106.72543450526267, 10.937555391470644], [106.72527095408059, 10.93755591355774], [106.72525695521891, 10.937471173981143], [106.72516541423502, 10.937452289191533], [106.72515947938018, 10.937375467228064], [106.72499592828326, 10.937375989159484], [106.72498192951154, 10.93729124956186], [106.72489038859402, 10.937272364683379], [106.72488445381718, 10.93719554270728], [106.72472090280543, 10.937196064483025], [106.72470690412365, 10.937111324864379], [106.72464907788594, 10.937107333182016], [106.7246286609634, 10.93710312114939], [106.72462912929439, 10.937105956149836], [106.72461513064479, 10.937021216523886], [106.72460185890188, 10.937018478546827], [106.72460139057135, 10.937015643546292], [106.72458144198589, 10.937014266510438], [106.7245907142891, 10.937016179398872], [106.72452358982518, 10.937002331526049], [106.72451765515366, 10.936925509532909], [106.72435410427195, 10.93692603109963], [106.72434010571232, 10.936841291452659], [106.72424856495907, 10.936822406365954], [106.72424263036555, 10.936745584360189], [106.72407907956902, 10.936746105771245], [106.72406508109933, 10.936661366103253], [106.72398730638524, 10.936655997214093], [106.7239733079477, 10.936571257538807], [106.72392538483142, 10.936566979598796], [106.72390427880471, 10.936561600106831], [106.72391200000004, 10.936586000000032], [106.72420667918013, 10.937540720738651], [106.72420800000003, 10.937545000000057], [106.72426500000006, 10.937545000000057], [106.72481900000008, 10.939279000000052], [106.72490900000008, 10.939559000000031], [106.72499300000004, 10.939823000000048], [106.72499600000003, 10.939831000000025], [106.72485400000005, 10.939832000000022], [106.72353200000003, 10.939843000000051], [106.72353200834158, 10.939848589213764]]], [[[106.72390427880471, 10.936561600106831], [106.7238812657516, 10.936398692057962], [106.72384712275604, 10.93638098006235], [106.72390427880471, 10.936561600106831]]], [[[106.72765497054645, 10.943437918769337], [106.72765357730012, 10.943457632256303], [106.72765783940888, 10.943437455924586], [106.72765497054645, 10.943437918769337]]], [[[106.7272905315076, 10.943891090130169], [106.72728913823755, 10.943910803617156], [106.72729340037517, 10.943890627288429], [106.7272905315076, 10.943891090130169]]], [[[106.72683431487444, 10.944254153755649], [106.72683292157446, 10.944273867242833], [106.72683718374655, 10.944253690917844], [106.72683431487444, 10.944254153755649]]], [[[106.72784615274313, 10.947388576785277], [106.7278508865322, 10.947387813066351], [106.72785541275049, 10.947323769354409], [106.72785067896244, 10.94732453307332], [106.72784615274313, 10.947388576785277]]], [[[106.72775810096606, 10.947434939557956], [106.72776236310072, 10.947414763225652], [106.72775949420081, 10.947415226074554], [106.72775810096606, 10.947434939557956]]], [[[106.72724452977856, 10.947495156447792], [106.72722411211046, 10.94749094465585], [106.72722458049077, 10.947493779646898], [106.72724452977856, 10.947495156447792]]], [[[106.72717689047734, 10.947402090685697], [106.72719730813887, 10.947406302481403], [106.72719683975902, 10.947403467490265], [106.72717689047734, 10.947402090685697]]], [[[106.72652077509105, 10.947952987746156], [106.72652000000006, 10.947958000000027], [106.72651200000008, 10.948034000000064], [106.72651400000008, 10.948073000000024], [106.72651300000007, 10.948076000000073], [106.72650600000009, 10.948098000000073], [106.72643405177195, 10.948857536301293], [106.72648340517385, 10.948838605709337], [106.72648883738988, 10.94876174751054], [106.72675191470465, 10.948760905806296], [106.72677161715168, 10.948851243718726], [106.72701861789227, 10.948850453222263], [106.727031765928, 10.948675226028271], [106.7271231847608, 10.94865575646545], [106.72710861795031, 10.948398160381922], [106.72667865434993, 10.948399536373158], [106.7266595443642, 10.948489998479396], [106.72657379107856, 10.948503832980558], [106.72657432060065, 10.948665456275686], [106.72648283889168, 10.948665748937422], [106.72652077509105, 10.947952987746156]]], [[[106.72652077509105, 10.947952987746156], [106.72657192524119, 10.947934312857384], [106.72657139575662, 10.947772689554414], [106.72666281436, 10.947753220149595], [106.72664884039848, 10.947676424033569], [106.72657106280539, 10.947671056057265], [106.72657084586008, 10.947587195753034], [106.72653800000006, 10.947842000000035], [106.72653500000007, 10.947859000000053], [106.72653500000007, 10.947861000000048], [106.72652077509105, 10.947952987746156]]], [[[106.72657084586008, 10.947587195753034], [106.72660585556407, 10.94736925828999], [106.72660000000008, 10.947400000000071], [106.72657100000004, 10.947586000000058], [106.72657084586008, 10.947587195753034]]], [[[106.72677400000003, 10.946128000000042], [106.72676700000005, 10.946158000000027], [106.72671244307355, 10.946415302326088], [106.72674985297459, 10.94639692713609], [106.72678500000006, 10.946078000000053], [106.72677400000003, 10.946128000000042]]], [[[106.72668506208967, 10.94654659224399], [106.72668516803814, 10.946543222824124], [106.72668500000009, 10.946544000000074], [106.72668506208967, 10.94654659224399]]], [[[106.72662900000006, 10.94721400000003], [106.72661700000003, 10.947299000000045], [106.72661378662836, 10.947319886916224], [106.72666133349729, 10.94730122004347], [106.72667381372865, 10.946904317698454], [106.72664700000007, 10.94709400000005], [106.72664500000008, 10.947104000000024], [106.72663800000004, 10.947158000000059], [106.72662900000006, 10.94721400000003]]], [[[106.72661249119888, 10.947327951046994], [106.72660800000007, 10.947354000000074], [106.72660800000007, 10.947355909042313], [106.72661249119888, 10.947327951046994]]], [[[106.7234768569755, 10.935206931918653], [106.72356176786958, 10.935477864780689], [106.72351152003037, 10.935224655740114], [106.7234768569755, 10.935206931918653]]], [[[106.7234768569755, 10.935206931918653], [106.72346091892986, 10.935133979350256], [106.72345400000006, 10.935134000000064], [106.7234768569755, 10.935206931918653]]], [[[106.72356176786958, 10.935477864780689], [106.72360456916739, 10.935614434523062], [106.72360388242521, 10.935495564849555], [106.72356176786958, 10.935477864780689]]], [[[106.72360456916739, 10.935614434523062], [106.72360600000007, 10.935619000000031], [106.72364707720116, 10.935748809760732], [106.72360456916739, 10.935614434523062]]], [[[106.72364707720116, 10.935748809760732], [106.72373281089232, 10.936019739917182], [106.72369669568346, 10.93590460308651], [106.72369624500695, 10.935766473911949], [106.72364707720116, 10.935748809760732]]], [[[106.72373281089232, 10.936019739917182], [106.72378943855445, 10.936198690722104], [106.72378860777559, 10.936037382927292], [106.72373281089232, 10.936019739917182]]]]}}, {"type": "Feature", "properties": {"name": "Khu phố 6", "code": "KP6", "area_ha": 181.97, "ward_area_ha": 1669.11}, "geometry": {"type": "MultiPolygon", "coordinates": [[[[106.7261566845414, 10.951661229387051], [106.72620500000005, 10.953204000000028], [106.72586623291755, 10.955908364961882], [106.72586731025271, 10.956253454705067], [106.72582097672918, 10.95627221632091], [106.72577704169191, 10.956606467470678], [106.7257781954417, 10.956976947286606], [106.72572407666154, 10.957009416772577], [106.72573331586672, 10.95716644186789], [106.72577887663088, 10.95718486726052], [106.72578540484552, 10.957442489040053], [106.72604045133026, 10.957441673006944], [106.72606015437148, 10.957532010883973], [106.72640668534727, 10.957530901769191], [106.72642638850583, 10.957621239611987], [106.72686440399758, 10.957619837087243], [106.72688410730066, 10.957710174887508], [106.72713915393074, 10.957709357916077], [106.72715885732391, 10.95779969569039], [106.72750538849712, 10.957798585300697], [106.72752509200762, 10.957888923040764], [106.72778013874176, 10.957888105520233], [106.72779984234238, 10.957978443234348], [106.72805488913217, 10.957977625477499], [106.728068890255, 10.958062364662506], [106.728146670571, 10.958067732017557], [106.72816067172607, 10.958152471195246], [106.72823845206534, 10.95815783852469], [106.72825245325265, 10.958242577695058], [106.72834400085247, 10.958261460967185], [106.72834453181869, 10.958423084073454], [106.72842231222828, 10.958428451349532], [106.72843631348668, 10.958513190504384], [106.72851409391953, 10.958518557754852], [106.7285280952102, 10.958603296902378], [106.72861964293311, 10.958622180080253], [106.72862017406683, 10.958783803169347], [106.72869795456998, 10.958789170366451], [106.72871195593174, 10.95887390949846], [106.72880350374619, 10.958892792612634], [106.72880403499313, 10.95905441568995], [106.7288818155666, 10.959059782833684], [106.72889581699945, 10.959144521950165], [106.72898736490541, 10.95916340500064], [106.72898789626558, 10.959325028066178], [106.72906567690933, 10.959330395156542], [106.72907967841331, 10.959415134257497], [106.7291712264108, 10.959434017244263], [106.72917175788417, 10.959595640298023], [106.72924953859824, 10.959601007335015], [106.72926354017333, 10.959685746420442], [106.72935508826234, 10.9597046293435], [106.72935561984896, 10.959866252385474], [106.72944716799788, 10.95988513527538], [106.72944769964344, 10.960046758310979], [106.72952548047486, 10.960052125266834], [106.72953948215992, 10.96013686432853], [106.72963103040036, 10.960155747154717], [106.72963726480081, 10.96032296864539], [106.72990035207592, 10.960322123347797], [106.72991946150165, 10.960231661126903], [106.73199617412877, 10.960224980619135], [106.73201587920185, 10.960315317923552], [106.73272835327774, 10.960313022667252], [106.732748058577, 10.96040335990413], [106.73318607732895, 10.960401947948172], [106.73320578277277, 10.960492285142426], [106.73355231644935, 10.96049116761223], [106.73357202201052, 10.960581504772163], [106.73391855575267, 10.960580386816826], [106.73393826143119, 10.96067072394244], [106.73419331005591, 10.960669900853489], [106.73421301582458, 10.960760237953089], [106.73446806450484, 10.960759414627711], [106.73448777036363, 10.9608497517013], [106.73475085771994, 10.960848902179025], [106.73475628773457, 10.96077204405777], [106.7348420439185, 10.960758206995056], [106.73484747390988, 10.96068134887391], [106.73493323006153, 10.960667511788097], [106.73493866002964, 10.960590653667062], [106.73502441614903, 10.96057681655815], [106.73502984609388, 10.960499958437225], [106.73511560218101, 10.96048612130521], [106.73513470999912, 10.96039565889449], [106.7352982732281, 10.960395130441022], [106.73530370310264, 10.960318272320732], [106.73538945911862, 10.96030443511717], [106.7353948889699, 10.960227576996992], [106.73548064495361, 10.96021373977033], [106.73549975264861, 10.960123277346275], [106.73566331570996, 10.960122748709988], [106.73566874549095, 10.960045890590454], [106.73575450140349, 10.960032053292245], [106.73575993116125, 10.95995519517282], [106.73584568704152, 10.959941357851518], [106.73586479461345, 10.959850895414132], [106.73602835750712, 10.95985036659504], [106.73603378719459, 10.959773508476255], [106.73611954300371, 10.95975967108341], [106.73612497266791, 10.959682812964742], [106.73621072844476, 10.959668975548801], [106.73622983589358, 10.959578513098087], [106.73639339861963, 10.959577984096201], [106.73639882821355, 10.959501125978177], [106.73648458391924, 10.959487288490697], [106.73650369127658, 10.959396826029996], [106.73666725388927, 10.959396296889901], [106.7366863611867, 10.95930583442255], [106.73684992374038, 10.95930530518883], [106.7368690309779, 10.959214842714823], [106.73703259347256, 10.959214313387482], [106.7370517006502, 10.959123850906824], [106.73721526308584, 10.95912332148586], [106.73722069246844, 10.959046463370093], [106.7373064479863, 10.959032625665744], [106.73732555507243, 10.95894216317511], [106.73748911739476, 10.958941633615954], [106.73750822442099, 10.95885117111867], [106.73794624026004, 10.958849752524095], [106.73796534714143, 10.958759290010214], [106.73849484726381, 10.95875757426747], [106.73851395397203, 10.958667111733687], [106.73876900052788, 10.958666284967123], [106.73878810714787, 10.958575822423388], [106.73904315360436, 10.958574995434388], [106.73906226013614, 10.958484532880696], [106.73922582212104, 10.958484002412074], [106.73924492859294, 10.958393539851748], [106.73940849051884, 10.958393009289523], [106.73941391933526, 10.958316151181483], [106.73949967448891, 10.95830231288683], [106.73951878086933, 10.958211850316543], [106.73968234268186, 10.958211319616154], [106.73970144900238, 10.958120857039232], [106.73986501075588, 10.958120326245243], [106.73987043945505, 10.958043468138419], [106.73995619449862, 10.95802962972383], [106.73997530072768, 10.957939167136953], [106.7401388623678, 10.957938636204807], [106.74015796853698, 10.9578481736113], [106.74032153011805, 10.957847642585559], [106.74034063622733, 10.957757179985421], [106.74050419774937, 10.957756648866082], [106.74052330379877, 10.957666186259317], [106.74069253067002, 10.957660019874348], [106.7406919666188, 10.95749045413516], [106.74060041880628, 10.95747157461637], [106.74059988123702, 10.957309952097845], [106.74052210117755, 10.957304587921113], [106.74050809661624, 10.957219849607688], [106.74043031658002, 10.957214485405318], [106.740416312051, 10.957129747084537], [106.7403247643615, 10.95711086747137], [106.74032422695994, 10.956949244935501], [106.74024644699395, 10.956943880679693], [106.7402324425361, 10.956859142343324], [106.74015466259335, 10.956853778061882], [106.74014065816777, 10.956769039718159], [106.74006287824827, 10.956763675411084], [106.74004887385495, 10.956678937060008], [106.73995732632005, 10.956660057321884], [106.7399567891405, 10.956498434763226], [106.73987900929124, 10.956493070402717], [106.7398650049691, 10.956408332036055], [106.73977345752563, 10.956389452234143], [106.73977292045944, 10.956227829663606], [106.73968137307588, 10.956208949828495], [106.73968083606871, 10.956047327251534], [106.73958928874504, 10.956028447383222], [106.7395887517969, 10.955866824799832], [106.73951097211187, 10.955861460330302], [106.73949126522267, 10.955771123655989], [106.7382299021, 10.95577521240869], [106.73821019560003, 10.95568487561678], [106.7380466351018, 10.955685405407175], [106.738032631352, 10.955600666903278], [106.73794108422852, 10.955581786518662], [106.73794054819699, 10.955420163849809], [106.7378490011334, 10.955401283432002], [106.73786246883293, 10.95532439927709], [106.73794021112889, 10.955318530751414], [106.73793967511102, 10.955156908079738], [106.73802542947344, 10.955143070270013], [106.73804453619277, 10.955052607752334], [106.73829154123463, 10.955051807687749], [106.73831124769981, 10.955142144479586], [106.73902370804612, 10.955139835592142], [106.73904341473735, 10.955230172316323], [106.73931216216165, 10.95522368415024], [106.73930382058079, 10.952711670926643], [106.73939523950065, 10.952692197654388], [106.73939470282528, 10.952530575026229], [106.73948045633843, 10.95251673687683], [106.73949956251039, 10.952426274305845], [106.7395773039856, 10.95242040543051], [106.73957676722512, 10.952258782808402], [106.7396681859835, 10.952239309467455], [106.73966764918285, 10.952077686847893], [106.73975340254798, 10.952063848633836], [106.73977250861876, 10.951973386052872], [106.73985024996499, 10.951967517118579], [106.73984971307924, 10.951805894505075], [106.73993546635424, 10.95179205624716], [106.73995457235866, 10.951701593659543], [106.74003231362673, 10.951695724685257], [106.7400317502657, 10.95152615884594], [106.73995397172317, 10.951520794389786], [106.73993996774001, 10.95143605598091], [106.73986218922069, 10.951430691499136], [106.73984818526979, 10.951345953082908], [106.73975663941145, 10.951327073134124], [106.73975070022874, 10.951250251872443], [106.73958714224113, 10.951250782276704], [106.73957313838034, 10.951166043839317], [106.73949535993022, 10.95116067925722], [106.73948135610168, 10.951075940812485], [106.73938981034125, 10.951057060744057], [106.7393838712641, 10.95098023946519], [106.73922031340646, 10.950980769659965], [106.73920630966805, 10.950896031194073], [106.73911476397397, 10.950877151036572], [106.73910882497498, 10.950800329744972], [106.73894526720244, 10.950800859783762], [106.73892556095318, 10.950710522999357], [106.73876200322086, 10.950711052935652], [106.73874799963042, 10.950626314434794], [106.73867022131815, 10.950620949628616], [106.73865621775997, 10.950536211120415], [106.73857843947091, 10.950530846288622], [106.738564435945, 10.950446107773077], [106.73848665767918, 10.950440742915665], [106.73847265418549, 10.950356004392775], [106.73838110868725, 10.950337123996013], [106.7383751698993, 10.950260302670054], [106.73821161238673, 10.950260832289919], [106.73819760898316, 10.950176093745883], [106.73811983078653, 10.950170728788168], [106.7381058274152, 10.950085990236786], [106.73802804924179, 10.950080625253454], [106.7380140459027, 10.94999588669473], [106.73793626775254, 10.949990521685782], [106.7379222644457, 10.949905783119714], [106.73784448631876, 10.949900418085154], [106.73783048304415, 10.949815679511744], [106.73775270494046, 10.949810314451566], [106.73773870169808, 10.949725575870815], [106.73766092361763, 10.949720210785026], [106.7376469204075, 10.949635472196933], [106.73756914235027, 10.949630107085529], [106.73755513917237, 10.949545368490089], [106.73746359396137, 10.949526487790369], [106.73745765544315, 10.949449666420556], [106.7373775416754, 10.949449925590876], [106.73737241176542, 10.949617183455906], [106.73728099358493, 10.949636656055343], [106.73728152896891, 10.949798278817589], [106.73719011072555, 10.949817751394917], [106.73719064606931, 10.949979374159696], [106.73709922776308, 10.949998846714918], [106.73710006247919, 10.950250869203606], [106.73700864408289, 10.95027034173911], [106.73700917935092, 10.95043196450798], [106.73691776089179, 10.950451437021368], [106.73691829611961, 10.95061305979277], [106.73682687759758, 10.950632532284049], [106.73682741278519, 10.950794155057983], [106.73674165957105, 10.95080799243084], [106.73672255260631, 10.950898454902381], [106.73664481140453, 10.950904323021247], [106.73663166907612, 10.95107955012387], [106.73637662884992, 10.951080374539474], [106.7363575217622, 10.951170836997717], [106.73591951700224, 10.951172252331181], [106.73590040976977, 10.95126271477283], [106.73564536933046, 10.951263538590984], [106.73562626200984, 10.951354001022665], [106.7353712214713, 10.951354824618512], [106.73535211406251, 10.951445287040226], [106.73509707342473, 10.951446110413762], [106.73507796592779, 10.951536572825503], [106.73482292519076, 10.95153739597672], [106.73480381760567, 10.951627858378489], [106.73464025916596, 10.951628386149729], [106.73462115152103, 10.951718848544845], [106.7343741489679, 10.95171964539864], [106.7343544439928, 10.951629308209222], [106.73400792070869, 10.951630425758292], [106.73398821585084, 10.951540088534573], [106.73381089029259, 10.951527100132427], [106.733809759815, 10.951184677609167], [106.73371821422856, 10.951165795810915], [106.73371084420788, 10.948932920386554], [106.73380226250492, 10.948913448854206], [106.73379904381295, 10.947938227510377], [106.73389046180253, 10.947918755977302], [106.73388724312166, 10.946943534596016], [106.7339786608038, 10.946924063062216], [106.73397544213407, 10.945948841643482], [106.73406685950881, 10.945929370108967], [106.73406659821369, 10.945850203729897], [106.73398882113365, 10.945844837613434], [106.73396911681967, 10.945754500321161], [106.73370604272826, 10.945755348015162], [106.73368693501284, 10.945845810377946], [106.7331574570629, 10.945847515788437], [106.73313834917451, 10.94593797813128], [106.73215146741322, 10.945941154319359], [106.73213235921048, 10.946031616625636], [106.73097055351522, 10.94603535165911], [106.73095085008094, 10.945945014095036], [106.7307872945694, 10.945945539532174], [106.73077329355822, 10.945860800423326], [106.73068174974871, 10.945841917549657], [106.73067581312453, 10.94576509587179], [106.73051225769814, 10.945765621153084], [106.73049255442521, 10.945675283544324], [106.73022948012833, 10.9456761282371], [106.73022404886878, 10.945752986429758], [106.73013829661323, 10.945766821852644], [106.7301191877949, 10.945857284085763], [106.72995563229058, 10.945857809073281], [106.72995020096081, 10.945934667266547], [106.72986444863423, 10.945948502617956], [106.7298453397245, 10.946038964841058], [106.72968178410709, 10.946039489690492], [106.7296763527071, 10.946116347884367], [106.7295906003095, 10.946130183164296], [106.72957149130838, 10.946220645377377], [106.72940793557784, 10.946221170088723], [106.72940250410765, 10.946298028283204], [106.72931675163903, 10.946311863491651], [106.7292976425465, 10.946402325694704], [106.72913408670286, 10.94640285026796], [106.72912865516247, 10.946479708463047], [106.72904290262281, 10.946493543600004], [106.72903747105917, 10.94657040179519], [106.72895171848731, 10.946584236909068], [106.72893260927182, 10.946674699098748], [106.72876905326085, 10.946675223489349], [106.728763621627, 10.946752081685139], [106.7286778689841, 10.946765916727527], [106.7286587596772, 10.94685637890717], [106.72849520355314, 10.946856903159668], [106.72848977184907, 10.946933761356059], [106.72840401913514, 10.94694759632695], [106.72838490973685, 10.947038058496563], [106.72822135349968, 10.947038582610952], [106.72821592172538, 10.947115440807941], [106.72813016894042, 10.947129275707338], [106.72811105945073, 10.947219737866911], [106.72794750310045, 10.947220261843182], [106.72794207125594, 10.94729712004077], [106.72785631839996, 10.947310954868666], [106.7278508865322, 10.947387813066351], [106.727765133644, 10.947401647871157], [106.72774602403132, 10.947492110017343], [106.72758246751374, 10.947492633810933], [106.72756335784122, 10.94758309595043], [106.72731635819099, 10.947583886797274], [106.72730235803441, 10.947499147459695], [106.72722458049077, 10.947493779646898], [106.72721058036642, 10.947409040302006], [106.7271190362041, 10.947390156383294], [106.72711468076731, 10.946061276182661], [106.72720609880581, 10.946041806661214], [106.72720319882106, 10.945156983221672], [106.72729461657933, 10.945137513696954], [106.72729201285135, 10.944343090251843], [106.72738343035658, 10.944323620721505], [106.72738198569513, 10.943882854086343], [106.7272961709204, 10.943877511936256], [106.72727706129442, 10.943967974066418], [106.72711350668686, 10.943968497442416], [106.72709439700104, 10.944058959565888], [106.72702232261807, 10.944059190173963], [106.72701689051928, 10.944136048386321], [106.72693113849384, 10.944149882882524], [106.7269257063718, 10.944226741094974], [106.72683995431416, 10.944240575568099], [106.72682084453368, 10.944331037681511], [106.72674310461517, 10.944336903149553], [106.72674393013716, 10.94458892651714], [106.72665251249346, 10.944608395866261], [106.72665452236454, 10.945222019380745], [106.72656310452214, 10.945241488719507], [106.72656505708186, 10.94583763452891], [106.72674816486014, 10.94588164698178], [106.72678500000006, 10.946078000000053], [106.72674985297459, 10.94639692713609], [106.72671244307355, 10.946415302326088], [106.72668516803814, 10.946543222824124], [106.72666133349729, 10.94730122004347], [106.72661378662836, 10.947319886916224], [106.72657084586008, 10.947587195753034], [106.72657106280539, 10.947671056057265], [106.72664884039848, 10.947676424033569], [106.72666281436, 10.947753220149595], [106.72657139575662, 10.947772689554414], [106.72657192524119, 10.947934312857384], [106.72652077509105, 10.947952987746156], [106.72648283889168, 10.948665748937422], [106.72657432060065, 10.948665456275686], [106.72657379107856, 10.948503832980558], [106.7266595443642, 10.948489998479396], [106.72667865434993, 10.948399536373158], [106.72710861795031, 10.948398160381922], [106.7271231847608, 10.94865575646545], [106.727031765928, 10.948675226028271], [106.72701861789227, 10.948850453222263], [106.72677161715168, 10.948851243718726], [106.72675191470465, 10.948760905806296], [106.72648883738988, 10.94876174751054], [106.72648340517385, 10.948838605709337], [106.72643405177195, 10.948857536301293], [106.72639941376389, 10.94920800630189], [106.72626700000006, 10.950396000000069], [106.72620200000006, 10.951028000000065], [106.72615700000006, 10.951554000000042], [106.72615700000006, 10.951580000000034], [106.7261566845414, 10.951661229387051]]], [[[106.7261566845414, 10.951661229387051], [106.72615500000006, 10.95209500000004], [106.72617873213086, 10.952365240184156], [106.7261566845414, 10.951661229387051]]]]}}, {"type": "Feature", "properties": {"name": "Khu phố 7", "code": "KP7", "area_ha": 37.96, "ward_area_ha": 1669.11}, "geometry": {"type": "MultiPolygon", "coordinates": [[[[106.72572407666154, 10.957009416772577], [106.72572400000007, 10.957010000000022], [106.72572700000006, 10.957077000000025], [106.72573000000006, 10.957144000000026], [106.72573331586672, 10.95716644186789], [106.72572407666154, 10.957009416772577]]], [[[106.72572407666154, 10.957009416772577], [106.7257781954417, 10.956976947286606], [106.72577704169191, 10.956606467470678], [106.72572407666154, 10.957009416772577]]], [[[106.72573331586672, 10.95716644186789], [106.72573496066721, 10.957177573916669], [106.72575992806026, 10.95717720420201], [106.72573331586672, 10.95716644186789]]], [[[106.72573496066721, 10.957177573916669], [106.7258550000001, 10.957990000000052], [106.72587800000008, 10.95811500000002], [106.72593300000005, 10.958410000000072], [106.7260082014954, 10.958821166634582], [106.72601146474902, 10.958840795549945], [106.72615400000007, 10.959794000000043], [106.72615700000006, 10.959812000000056], [106.72617500000007, 10.959933000000033], [106.72617700000006, 10.959944000000062], [106.72620200000006, 10.960066000000038], [106.72621600000008, 10.960135000000038], [106.72627600000004, 10.960432000000024], [106.72630300000009, 10.96082400000006], [106.72627100000005, 10.961159000000068], [106.72621100000003, 10.961455000000061], [106.72619600000007, 10.96153300000003], [106.72518110541446, 10.964341710714656], [106.72518100000008, 10.964342000000043], [106.72513300000008, 10.96452400000004], [106.72512900000004, 10.964643000000024], [106.72512910577504, 10.964643647343411], [106.72515400000009, 10.964796000000035], [106.72518600000006, 10.964891000000025], [106.72521300000005, 10.964973000000041], [106.72521358611164, 10.964973825885924], [106.7257985564932, 10.965854293396184], [106.72579900000005, 10.965855000000031], [106.72579919376253, 10.965855252577624], [106.72633600000006, 10.966555000000026], [106.72651443115247, 10.966926727834114], [106.72651600000007, 10.966930000000046], [106.72668300000004, 10.966944000000067], [106.72714400000007, 10.966984000000025], [106.72739000000007, 10.96700400000003], [106.72709446922782, 10.967455907543055], [106.72709368981124, 10.967549638393734], [106.72702226934165, 10.96756631094932], [106.72700249914817, 10.967640331602956], [106.7269124267987, 10.967733198185625], [106.7269116052391, 10.967821424683864], [106.7268428447093, 10.967838055990063], [106.7268204144397, 10.967912117848925], [106.726730350477, 10.968007580734417], [106.72672952034652, 10.968093210888986], [106.72666249485562, 10.968109836599087], [106.72663832941078, 10.968183904009878], [106.72654792780791, 10.968283289727372], [106.72672447407436, 10.968287588887495], [106.72672990614075, 10.968210730755636], [106.72681566501056, 10.968196895740952], [106.72683477568582, 10.968106433635228], [106.72699834356011, 10.968105909269413], [106.72700377555611, 10.968029051138133], [106.72708953435479, 10.96801521605179], [106.72709496632751, 10.9679383579206], [106.72718072509392, 10.967924522811117], [106.7271998356459, 10.967834060691946], [106.7273634033526, 10.967833536143058], [106.72736883525495, 10.96775667801245], [106.72745459395018, 10.967742842831315], [106.72746002582923, 10.967665984700798], [106.7275457844922, 10.967652149496525], [106.72756489492096, 10.967561687363906], [106.72772846246005, 10.967561162631958], [106.72773389426872, 10.96748430450202], [106.72781965286055, 10.967470469226102], [106.72782508464593, 10.96739361109626], [106.72791084320548, 10.967379775797205], [106.72791627496754, 10.967302917667451], [106.72800203349482, 10.967289082345262], [106.72802114376873, 10.96719862019584], [106.72818471108589, 10.967198095236185], [106.72819014277759, 10.967121237107023], [106.72827590123372, 10.967107401713188], [106.72828133290213, 10.967030543584114], [106.7282768068501, 10.967094587238917], [106.72828154094631, 10.967093823487403], [106.72828606699733, 10.967029779832613], [106.72836709132598, 10.967016708167149], [106.72837252297111, 10.96693985003817], [106.72836799693849, 10.967003893692896], [106.72837273103292, 10.967003129940101], [106.72837725706451, 10.966939086285393], [106.72845828136268, 10.966926014598071], [106.72846371298452, 10.966849156469184], [106.7284591869713, 10.966913200123836], [106.72846392106395, 10.966912436369764], [106.72846844707614, 10.966848392715134], [106.72854947134381, 10.966835321005957], [106.72855490294238, 10.966758462877165], [106.72855037694856, 10.966822506531733], [106.72855511103943, 10.96682174277639], [106.7285596370322, 10.966757699121834], [106.7286406612694, 10.966744627390803], [106.72864609284464, 10.966667769262104], [106.72864156687025, 10.966731812916596], [106.72864630095933, 10.966731049159973], [106.7286508269327, 10.9666670055055], [106.7287318511394, 10.966653933752612], [106.72873728269136, 10.96657707562401], [106.72873275673636, 10.966641119278423], [106.72873749082366, 10.966640355520521], [106.72874201677763, 10.966576311866127], [106.72882304095384, 10.966563240091386], [106.72882847248252, 10.966486381962879], [106.72882394654692, 10.966550425617212], [106.72882868063245, 10.966549661858034], [106.728833206567, 10.96648561820372], [106.72891423071272, 10.966472546407124], [106.7289196622181, 10.966395688278713], [106.72891513630192, 10.966459731932964], [106.72891987038567, 10.966458968172512], [106.72892439630081, 10.966394924518273], [106.72900542041603, 10.966381852699831], [106.72900819100637, 10.966368737339593], [106.72901106008331, 10.966368274463955], [106.72901245321268, 10.966348560998409], [106.72902453034533, 10.966291390513446], [106.7291079786171, 10.966291122448382], [106.72910095262782, 10.965852679988718], [106.72910085181672, 10.965852701458523], [106.72919227563423, 10.965833230854685], [106.72918906695065, 10.96485800923749], [106.72928049046018, 10.964838538632753], [106.72927757920668, 10.963953716831375], [106.72936900243546, 10.963934246223372], [106.72936579374229, 10.962959024536705], [106.72945721666315, 10.962939553927807], [106.72945430540102, 10.96205473206341], [106.7295457280412, 10.962035261451266], [106.72954251933862, 10.961060039695143], [106.72963394167093, 10.961040569082119], [106.72963159911887, 10.960328603633577], [106.72989231345788, 10.960322149179184], [106.72963726480081, 10.96032296864539], [106.72963103040036, 10.960155747154717], [106.72963100426634, 10.960147803902387], [106.72957317354765, 10.960143813549392], [106.72955275497758, 10.960139601994268], [106.72955322341025, 10.960142436975802], [106.72953922172093, 10.96005769791513], [106.72952594890707, 10.96005496024846], [106.72952548047486, 10.960052125266834], [106.72950553034357, 10.960050748689564], [106.729514803395, 10.960052661361145], [106.72944767351458, 10.960038815058153], [106.72944714186941, 10.95987719202247], [106.729355593723, 10.959858309132338], [106.72935506213678, 10.959696686090274], [106.72929723150533, 10.959692695676953], [106.72927681296903, 10.959688484100225], [106.72927728139803, 10.959691319082555], [106.72926327981868, 10.959606579998146], [106.72925000702678, 10.95960384231743], [106.72924953859824, 10.959601007335015], [106.72922958849708, 10.959599630736935], [106.72923886153316, 10.959601543418325], [106.72917173176378, 10.959587697044306], [106.72917120029079, 10.959426073990462], [106.72911336971163, 10.959422083537456], [106.72909295119574, 10.959417871946519], [106.72909341962236, 10.959420706929366], [106.72907941811413, 10.95933596782943], [106.72906614533548, 10.959333230139482], [106.72906567690933, 10.959330395156542], [106.72904572682619, 10.959329018544773], [106.72905499985302, 10.959330931232616], [106.72898787015073, 10.95931708481188], [106.72898733879099, 10.959155461746256], [106.72892950826407, 10.95915147125357], [106.7289090897686, 10.959147259648422], [106.72890955819285, 10.959150094631788], [106.72889555675573, 10.95906535551633], [106.72888228399036, 10.959062617817143], [106.7288818155666, 10.959059782833684], [106.72886186550147, 10.959058406208227], [106.72887113851903, 10.959060318902525], [106.72880400888386, 10.959046472435075], [106.72880347763731, 10.958884849357675], [106.7287456471627, 10.958880858825303], [106.72872522868764, 10.95887664720595], [106.7287256971095, 10.958879482189836], [106.72871169574348, 10.958794743058853], [106.72869842299137, 10.958792005350427], [106.72869795456998, 10.958789170366451], [106.7286780045229, 10.958787793727305], [106.7286872775312, 10.958789706428057], [106.72862014796313, 10.958775859913896], [106.72861961682982, 10.958614236824715], [106.72856178640747, 10.958610246252668], [106.72854136795281, 10.958606034619105], [106.72854183637229, 10.958608869603513], [106.72852783507737, 10.958524130457004], [106.72845005464312, 10.95851876321019], [106.72851486682805, 10.958523235583037], [106.72851409391953, 10.958518557754852], [106.72844928173562, 10.95851408538175], [106.72843605338045, 10.958434024056361], [106.7284227806462, 10.958431286334275], [106.72842231222828, 10.958428451349532], [106.72840236220519, 10.958427074690132], [106.728411635201, 10.958428987400426], [106.72834450572321, 10.958415140817156], [106.7283439747574, 10.958253517710801], [106.72828614440462, 10.958249527080033], [106.72826572597744, 10.958245315425447], [106.72826619439344, 10.95824815041062], [106.72825219320188, 10.958163411241271], [106.7281744128612, 10.95815804391548], [106.72823922496815, 10.958162516354134], [106.72823845206534, 10.95815783852469], [106.7281736399594, 10.958153366085783], [106.72816041170188, 10.958073304738813], [106.72814713898548, 10.958070567003064], [106.728146670571, 10.958067732017557], [106.72812672057192, 10.958066355337898], [106.72813599355527, 10.95806826805774], [106.72806886416775, 10.958054421405365], [106.72806292769137, 10.957977599699989], [106.72780788090219, 10.95797841746356], [106.7277881772992, 10.957888079750175], [106.72753313056569, 10.957888897277426], [106.7275134270528, 10.957798559538084], [106.72716689588046, 10.957799669936907], [106.72714719248489, 10.957709332163324], [106.72689214585546, 10.957710149141471], [106.72687244254999, 10.957619811341939], [106.72643442705932, 10.95762121387822], [106.72641472389837, 10.957530876036152], [106.72606819292345, 10.957531985160067], [106.72604848987982, 10.957441647283762], [106.72579344339573, 10.957442463323593], [106.72577885060684, 10.957176923997475], [106.72573496066721, 10.957177573916669]]], [[[106.72819014277759, 10.967121237107023], [106.72818874959431, 10.96714095057283], [106.72819301186362, 10.967120774238374], [106.72819014277759, 10.967121237107023]]], [[[106.72962023733822, 10.961046229897065], [106.72962028089974, 10.961043478478036], [106.72960029662022, 10.9610477346188], [106.72962023733822, 10.961046229897065]]], [[[106.72582600000004, 10.956234000000048], [106.72582097672918, 10.95627221632091], [106.72586731025271, 10.956253454705067], [106.72586623291755, 10.955908364961882], [106.72582600000004, 10.956234000000048]]], [[[106.72586623291755, 10.955908364961882], [106.72602495905312, 10.954641264191844], [106.72598900000008, 10.954919000000075], [106.72596900000008, 10.955071000000032], [106.72589000000005, 10.955716000000054], [106.72586623291755, 10.955908364961882]]]]}}, {"type": "Feature", "properties": {"name": "Khu phố 8", "code": "KP8", "area_ha": 63.83, "ward_area_ha": 1669.11}, "geometry": {"type": "MultiPolygon", "coordinates": [[[[106.73449658451531, 10.96567422839365], [106.73450084633684, 10.965654052007787], [106.73449797727983, 10.9656545149338], [106.73449658451531, 10.96567422839365]]], [[[106.73449797727983, 10.9656545149338], [106.73458373486896, 10.965640677825231], [106.73458650520492, 10.965627562435479], [106.73458937426147, 10.965627099508666], [106.73459076701985, 10.965607386048884], [106.73460284304363, 10.965550215435247], [106.73468058813036, 10.96554434750734], [106.73468005336993, 10.965382724784513], [106.73476581086885, 10.965368887631982], [106.73478491897701, 10.9652784252353], [106.7348626639855, 10.9652725572673], [106.73486212913978, 10.96511093455048], [106.73494788654848, 10.965097097353988], [106.73496699459015, 10.96500663495061], [106.73504473952039, 10.965000766942518], [106.7350442045894, 10.96483914423171], [106.73512996190787, 10.964825306991257], [106.73513269944712, 10.964812346730234], [106.73513560126241, 10.964811728667366], [106.73513699398535, 10.964792015207514], [106.73514906988306, 10.964734844581184], [106.73558709469056, 10.964733428624575], [106.73560620252081, 10.964642966197859], [106.73622719983459, 10.964640957663475], [106.73624630746323, 10.964550495213473], [106.73677581816037, 10.964548781561593], [106.73679492561574, 10.964458319091642], [106.73723294979835, 10.964456900805503], [106.73725205710882, 10.964366438318931], [106.73778156731737, 10.964364722948572], [106.73780067445458, 10.964274260442064], [106.73823869823298, 10.964272840734385], [106.73825780522523, 10.96418237821127], [106.73887880107976, 10.964180364359002], [106.73888423000618, 10.964103506267984], [106.73897565239608, 10.964084032828985], [106.7389744882572, 10.963733667893704], [106.73888293855225, 10.96371478802449], [106.73888089999565, 10.963101167512729], [106.73878935049228, 10.963082287597196], [106.73878733863309, 10.962476610271807], [106.73887876054164, 10.962457136902742], [106.73887789698078, 10.962197171521936], [106.73880011562845, 10.962191807016087], [106.73878613757934, 10.96211501185697], [106.73896904487044, 10.962095241762603], [106.73896878187644, 10.962016075584591], [106.73887723270975, 10.96199719566558], [106.7388764219565, 10.961753116735508], [106.73896784363883, 10.961733643358658], [106.73896730674156, 10.96157202080514], [106.73905872836096, 10.96155254740616], [106.73905789110428, 10.961300525253288], [106.73914931263354, 10.961281051834572], [106.73914904961161, 10.961201885656665], [106.73905750069333, 10.961183005770007], [106.73905699016265, 10.961029326444345], [106.73914841161027, 10.961009853032804], [106.7391478746513, 10.960848230480478], [106.73923929603598, 10.96082875704681], [106.73923903300124, 10.960749590868721], [106.73914748422133, 10.96073071099693], [106.73914697366578, 10.960577031670908], [106.73923839496884, 10.960557558244416], [106.73923693056418, 10.960116793652203], [106.73914538198252, 10.960097913762063], [106.73914394416502, 10.95966509237394], [106.73905239572825, 10.95964621244273], [106.7390509581066, 10.959213391029616], [106.73895940981468, 10.959194511057333], [106.73895166919652, 10.958575292097418], [106.73878006859853, 10.958575848484946], [106.73876096197604, 10.958666311028392], [106.73850591541955, 10.95866713778823], [106.73848680870886, 10.958757600321722], [106.73795730858512, 10.95875931605052], [106.73793820170125, 10.958849778564108], [106.7375001858611, 10.958851197147142], [106.73748107883236, 10.95894165964413], [106.73731751650965, 10.958942189198982], [106.7373120871517, 10.959019047314653], [106.7372263316381, 10.959032885020234], [106.73722356145618, 10.959046000424147], [106.73722069246844, 10.959046463370093], [106.73721929987742, 10.959066176832458], [106.7372072245179, 10.959123347507248], [106.73704366208183, 10.959123876923904], [106.73702455490172, 10.959214339404268], [106.73686099240665, 10.959214868727303], [106.73684188516663, 10.959305331201012], [106.73667832261253, 10.959305860430426], [106.73665921531261, 10.959396322897486], [106.73649565269952, 10.95939685203327], [106.73649022313023, 10.9594737101512], [106.73640446742881, 10.959487547639917], [106.73640169720757, 10.959500663039487], [106.73639882821355, 10.959501125978177], [106.73639743556834, 10.959520839441124], [106.7363853600374, 10.959578010096994], [106.73622179731096, 10.959578539094569], [106.7362163676714, 10.959655397213147], [106.73613061189882, 10.959669234630322], [106.73612518223601, 10.959746092749011], [106.73612970661698, 10.959682049102891], [106.73612497266791, 10.959682812964742], [106.73612044828593, 10.959746856610876], [106.73603942643115, 10.959759930143095], [106.73603665619207, 10.959773045540734], [106.73603378719459, 10.959773508476255], [106.73603239452538, 10.959793221939398], [106.73602031891666, 10.959850392586846], [106.73585675602257, 10.959850921401628], [106.73585132628948, 10.95992777952096], [106.73576557041346, 10.959941616843501], [106.73576014065712, 10.960018474962945], [106.73576466511602, 10.959954431316197], [106.73575993116125, 10.95995519517282], [106.73575540670133, 10.960019238819584], [106.73567438474883, 10.960032312262388], [106.7356716144919, 10.960045427658093], [106.73566874549095, 10.960045890590454], [106.73566735279775, 10.960065604053788], [106.73565527711125, 10.960122774692813], [106.73549171404952, 10.960123303324787], [106.73548628422287, 10.960200161444874], [106.73540052824343, 10.960213998672772], [106.73539509839354, 10.960290856792968], [106.73539962293039, 10.960226813145592], [106.7353948889699, 10.960227576996992], [106.73539036443204, 10.960291620644382], [106.73530934238183, 10.960304693997768], [106.73530657210705, 10.960317809391542], [106.73530370310264, 10.960318272320732], [106.73530231038545, 10.960337985784259], [106.73529023462115, 10.96039515641486], [106.73512667139175, 10.960395684864014], [106.73512124147157, 10.960472542984853], [106.7350354853887, 10.9604863801181], [106.73503005544526, 10.960563238239049], [106.73503458006009, 10.960499194591046], [106.73502984609388, 10.960499958437225], [106.73502532147805, 10.960564002085237], [106.73494429933012, 10.960577075349198], [106.73493886936343, 10.960653933470255], [106.73494339399761, 10.96058988982216], [106.73493866002964, 10.960590653667062], [106.73493413539443, 10.960654697315167], [106.73485311321602, 10.960667770557302], [106.73484768322605, 10.960744628678468], [106.73485220787963, 10.960680585030286], [106.73484747390988, 10.96068134887391], [106.73484294925527, 10.960745392522108], [106.73476192704639, 10.960758465742419], [106.7347591567446, 10.960771581133292], [106.73475628773457, 10.96077204405777], [106.73475489498145, 10.960791757521546], [106.73474281909942, 10.960848928139498], [106.7344958089848, 10.960849725747547], [106.7344761031236, 10.960759388674695], [106.73422105444398, 10.96076021200679], [106.73420134867294, 10.960669874907918], [106.73394630004884, 10.960670698003593], [106.73392659436793, 10.96058036087871], [106.73358006062666, 10.96058147884318], [106.7335603550631, 10.960491141683974], [106.7332138213874, 10.960492259223303], [106.73319411594116, 10.96040192202978], [106.73275609719033, 10.960403333997283], [106.73273639188866, 10.960312996761138], [106.73202391781457, 10.960315292036208], [106.73200421273911, 10.960224954732519], [106.7299114228861, 10.960231686958583], [106.72989231345788, 10.960322149179184], [106.72963159911887, 10.960328603633577], [106.72962023733822, 10.961046229897065], [106.72954249320475, 10.961052096443073], [106.72954570190487, 10.962027318199707], [106.72945427926707, 10.962046788811643], [106.72945719052696, 10.962931610676511], [106.7293657676085, 10.962951081285196], [106.72936897629921, 10.963926302972382], [106.7292775530728, 10.963945773580178], [106.72928046432406, 10.96483059538202], [106.72918904081693, 10.964850065986552], [106.72919224949806, 10.96582528760426], [106.72910082568293, 10.96584475820789], [106.7291079786171, 10.966291122448382], [106.730003441676, 10.966288244469593], [106.73002314671967, 10.966378581885067], [106.73129259666494, 10.966374497306642], [106.73131170588589, 10.966284035036756], [106.732390142252, 10.96628056086908], [106.73240925112965, 10.966190098559151], [106.73303025227051, 10.966188096258213], [106.73304936094652, 10.966097633924935], [106.73348738803716, 10.966096220811945], [106.73350649656824, 10.966005758461991], [106.73385303663146, 10.966004640035049], [106.73387214504591, 10.965914177671754], [106.73421868496429, 10.96591305883834], [106.73423779326211, 10.965822596461715], [106.73440135951712, 10.965822068231256], [106.73440713136033, 10.965848527332447], [106.7344067895994, 10.9657452101252], [106.73449254722082, 10.965731373039747], [106.73449797727983, 10.9656545149338]]], [[[106.7373120871517, 10.959019047314653], [106.7373134797366, 10.958999333852352], [106.73730921816443, 10.959019510261399], [106.7373120871517, 10.959019047314653]]], [[[106.73649022313023, 10.9594737101512], [106.73649161576934, 10.95945399668832], [106.73648735413668, 10.959474173090689], [106.73649022313023, 10.9594737101512]]], [[[106.7362163676714, 10.959655397213147], [106.73621776032853, 10.959635683750099], [106.73621349867548, 10.95965586015024], [106.7362163676714, 10.959655397213147]]], [[[106.73585132628948, 10.95992777952096], [106.73585271897059, 10.959908066057718], [106.73584845729009, 10.959928242454891], [106.73585132628948, 10.95992777952096]]], [[[106.73548628422287, 10.960200161444874], [106.73548767692797, 10.96018044798144], [106.73548341522002, 10.960200624375638], [106.73548628422287, 10.960200161444874]]], [[[106.73512124147157, 10.960472542984853], [106.73512263420068, 10.960452829521227], [106.73511837246527, 10.960473005912448], [106.73512124147157, 10.960472542984853]]], [[[106.73593383236886, 10.957215492641463], [106.73602537993011, 10.95723437359404], [106.73603938323514, 10.957319112224127], [106.73611709982555, 10.957305300877278], [106.73611659099697, 10.957151621375818], [106.73602504345827, 10.957132740448813], [106.73601104017074, 10.957048001815936], [106.73593332363912, 10.957061813130585], [106.73593383236886, 10.957215492641463]]], [[[106.73512898045095, 10.96672840411795], [106.73512820740724, 10.966723726319831], [106.73506339345063, 10.966719255518317], [106.73506416649332, 10.966723933316693], [106.73512898045095, 10.96672840411795]]], [[[106.73502334826863, 10.96663366459691], [106.73503688963955, 10.966636457311697], [106.73503642113968, 10.966633622345173], [106.73502334826863, 10.96663366459691]]], [[[106.73496387682735, 10.966621399451737], [106.73495810363713, 10.966466634257312], [106.73495861231068, 10.966620313718881], [106.73496387682735, 10.966621399451737]]], [[[106.7348802948542, 10.966453325606793], [106.73490024541101, 10.966454701792474], [106.73487982635623, 10.966450490639842], [106.7348802948542, 10.966453325606793]]], [[[106.73485332262541, 10.966367692409321], [106.73485254958742, 10.966363014609938], [106.7347877357088, 10.966358543742523], [106.73478850874578, 10.966363221542164], [106.73485332262541, 10.966367692409321]]], [[[106.73469594965775, 10.966268439644502], [106.73469672269293, 10.966273117444544], [106.73476153655317, 10.96627758833307], [106.73476076351695, 10.966272910533283], [106.73469594965775, 10.966268439644502]]], [[[106.73460416366224, 10.966178335513495], [106.73460493669565, 10.966183013313943], [106.73466975053647, 10.966187484223836], [106.73466897750204, 10.966182806423644], [106.73460416366224, 10.966178335513495]]], [[[106.73455724100992, 10.966091326071924], [106.73457766003695, 10.966095537248803], [106.73457719154271, 10.966092702281022], [106.73455724100992, 10.966091326071924]]], [[[106.73442106582755, 10.965912405252391], [106.73444101634843, 10.965913781471508], [106.73442044033813, 10.965909537905324], [106.73442106582755, 10.965912405252391]]]]}}, {"type": "Feature", "properties": {"name": "Khu phố Bình Chuẩn 1", "code": "KPBC1", "area_ha": 227.08, "ward_area_ha": 1669.11}, "geometry": {"type": "MultiPolygon", "coordinates": [[[[106.74867444192047, 10.964433191319525], [106.74876586350614, 10.964413714991368], [106.74876532115434, 10.964252092948676], [106.74885674267705, 10.964232616598439], [106.74885620028508, 10.964070994558329], [106.74894762174482, 10.964051518186015], [106.74894707931269, 10.963889896148487], [106.74903850070945, 10.963870419754095], [106.74903795823717, 10.963708797719146], [106.74912937957095, 10.963689321302683], [106.7491288370585, 10.96352769927032], [106.74922025832934, 10.963508222831777], [106.74921971577673, 10.963346600801996], [106.74931113698459, 10.963327124341381], [106.74931026424336, 10.96306715980186], [106.7492187143696, 10.9630482830757], [106.74921216536612, 10.962790663664347], [106.74740186347029, 10.962796591497735], [106.74738785658063, 10.962711853724187], [106.74729630688817, 10.9626929763999], [106.7473097722721, 10.962616092048151], [106.7473875160575, 10.962610220966459], [106.74738725081224, 10.96253105499403], [106.74730946941301, 10.962525692680616], [106.7472897595805, 10.962435356794558], [106.74720964256005, 10.962435618851694], [106.74720451861562, 10.962602876279309], [106.74702161200474, 10.96262265129408], [106.74702215332731, 10.96278427344022], [106.74693073207149, 10.96280374921349], [106.7469312733539, 10.962965371362204], [106.74683985203511, 10.962984847113386], [106.74684251247257, 10.963779264891024], [106.74675109090035, 10.963798740636992], [106.7467525403344, 10.964231560905796], [106.74666111861757, 10.964251036636904], [106.74666256798206, 10.964683856904802], [106.74657114612062, 10.964703332621047], [106.74657320083654, 10.965316951632374], [106.74648177877606, 10.965336427338576], [106.74648597902124, 10.966590785128817], [106.74657752990555, 10.966609662591154], [106.74657867670551, 10.966952083441742], [106.74667022770643, 10.96697096086553], [106.74667167745254, 10.967403781055156], [106.74676322859844, 10.967422658437748], [106.74676528423257, 10.968036277303828], [106.74684306708389, 10.968041639628789], [106.7468627773076, 10.968131975490415], [106.74694856133075, 10.968126078098482], [106.74694801977789, 10.967964456005221], [106.74703944258741, 10.967944980094334], [106.74703890099435, 10.967783358003645], [106.74713032374089, 10.967763882070662], [106.74712978210763, 10.967602259982545], [106.74722120479117, 10.967582784027465], [106.74722066311772, 10.967421161941925], [106.74731208573827, 10.967401685964749], [106.74731154402463, 10.96724006388178], [106.74740296658219, 10.96722058788251], [106.74740242482835, 10.967058965802119], [106.74749384732293, 10.967039489780754], [106.7474933055289, 10.966877867702935], [106.7475847279605, 10.966858391659477], [106.74758388306832, 10.966606370248432], [106.74767530540971, 10.966586894185294], [106.74767476354003, 10.966425272111657], [106.74776618581845, 10.96640579602643], [106.7477656439086, 10.96624417395537], [106.74785706612403, 10.966224697848055], [106.74785652417398, 10.966063075779568], [106.74794794632643, 10.966043599650165], [106.7479474043362, 10.965881977584257], [106.74803882642567, 10.965862501432767], [106.74803828439526, 10.965700879369434], [106.74812970642176, 10.965681403195859], [106.74812916435117, 10.965519781135104], [106.7482205863147, 10.965500304939441], [106.74822004420393, 10.965338682881267], [106.74831146610448, 10.96531920666352], [106.74831092395354, 10.965157584607923], [106.74840234579109, 10.965138108368095], [106.74840180359998, 10.964976486315075], [106.74849322537457, 10.964957010053162], [106.74849268314328, 10.964795388002726], [106.7485841048549, 10.96477591171873], [106.74858356258345, 10.964614289670877], [106.74867498423208, 10.9645948133648], [106.74867444192047, 10.964433191319525]]], [[[106.74582497995274, 10.960437775737944], [106.74582323004677, 10.959914555815036], [106.74573168128764, 10.959895677933359], [106.74572962934656, 10.959282058546643], [106.74563808078895, 10.959263180618528], [106.74563602916203, 10.958649561188889], [106.74554448080592, 10.958630683214343], [106.74554242949318, 10.958017063741783], [106.74545088133854, 10.957998185720811], [106.74544883033995, 10.957384566205338], [106.74535728238679, 10.957365688137939], [106.74535613801801, 10.957023266944843], [106.74517883580906, 10.95701822869985], [106.74515973122406, 10.957108691474852], [106.74499050497948, 10.95711486030351], [106.74499318556326, 10.957917222051368], [106.74508473367582, 10.957936100214567], [106.7450873881765, 10.958730518680353], [106.7451789365472, 10.958749396791863], [106.74518159150101, 10.959543815192548], [106.74527314012987, 10.959562693252362], [106.74527579553686, 10.960357111587946], [106.74536734442388, 10.960375989596058], [106.7453678847349, 10.960537611847611], [106.74545943368183, 10.960556489822482], [106.74545997405195, 10.960718112067584], [106.74555152305878, 10.960736990009202], [106.7455526414886, 10.961071467885127], [106.74528391597924, 10.961085905211899], [106.74527848870105, 10.961162763282818], [106.74518706777273, 10.961182238501548], [106.74518733239958, 10.961261404534167], [106.74535659853575, 10.961266468792772], [106.74537630768353, 10.96135680486883], [106.74545642445852, 10.96135654331882], [106.74547552910852, 10.961266080534015], [106.7457305773503, 10.961265247751406], [106.74573570216967, 10.961097990263562], [106.74591294264752, 10.961083851357987], [106.74591836976128, 10.961006993289857], [106.74600979056927, 10.960987517860513], [106.74600952573054, 10.960908351846342], [106.74591797665335, 10.960889474049626], [106.74591652888508, 10.960456653575825], [106.74582497995274, 10.960437775737944]]], [[[106.71607292420835, 10.973771424411296], [106.71682500000009, 10.974719000000052], [106.7205131491922, 10.981050801163356], [106.72055168470388, 10.981116956974338], [106.72067083105892, 10.981321501153065], [106.72073450417163, 10.981338027627562], [106.72073570227059, 10.981432868477055], [106.72077595247103, 10.981501967751244], [106.72082658675427, 10.98151853578769], [106.72082771120806, 10.98159082417177], [106.72091866945594, 10.981699043908312], [106.72091972024825, 10.981748779828711], [106.72103875658803, 10.981953134031015], [106.72110253977901, 10.98196966006385], [106.72110373863687, 10.982064691029281], [106.72114387846952, 10.982133600456637], [106.72119462280482, 10.982150168069497], [106.72119574798529, 10.982222646572911], [106.72128670594965, 10.98233067603564], [106.72128775743646, 10.982380602078766], [106.72140668376001, 10.982584766304985], [106.72147057702973, 10.982601291895842], [106.72147177664702, 10.98269651297715], [106.72151180611093, 10.982765232558027], [106.72156266049872, 10.982781799746991], [106.72156378640643, 10.982854468369673], [106.72165474408678, 10.982962307558626], [106.7216557962686, 10.98301242372442], [106.721774612575, 10.983216397974891], [106.7218386159239, 10.983232923123454], [106.72183891720788, 10.98332503136174], [106.72187973539536, 10.983396864055331], [106.72192497086108, 10.983399888984264], [106.72194408362338, 10.983309427063286], [106.7221076600999, 10.983308904608533], [106.72212677280211, 10.983218442680794], [106.72238184166439, 10.983217627819052], [106.72240095427817, 10.98312716588118], [106.72265602304124, 10.983126350796354], [106.72267513556658, 10.983035888848358], [106.72283871185684, 10.98303536601356], [106.72285782432212, 10.982944904058806], [106.72311289289398, 10.982944088604464], [106.72313200527081, 10.982853626639587], [106.72338707374347, 10.982852810962168], [106.72340618603185, 10.982762348987174], [106.72356976213587, 10.982761825772354], [106.7235888743642, 10.982671363790608], [106.72384394264562, 10.982670547743695], [106.72386305478551, 10.98258008575183], [106.7241181229677, 10.982579269481848], [106.72413723501914, 10.982488807479871], [106.72430081093688, 10.982488283885049], [106.72431992292829, 10.982397821876326], [106.72457499091922, 10.982397005236871], [106.72459410282218, 10.982306543218037], [106.72484917071388, 10.982305726355529], [106.7248682825284, 10.982215264326586], [106.72503185825984, 10.98221474035178], [106.72505097001431, 10.982124278316096], [106.72530603771473, 10.982123461084136], [106.72532514938077, 10.98203299903835], [106.72558021698194, 10.982032181583344], [106.72559932855954, 10.981941719527455], [106.72576290410466, 10.981941195172684], [106.7257820156222, 10.981850733110058], [106.72603708303208, 10.98184991528562], [106.7260561944612, 10.981759453212897], [106.7263112617718, 10.981758635165425], [106.72633037311249, 10.981668173082609], [106.72649394847126, 10.981667648347896], [106.7265130597519, 10.981577186258342], [106.72676812687118, 10.98157636784146], [106.7267872380634, 10.981485905741819], [106.7270423050834, 10.981485087101914], [106.72706141618718, 10.981394624992184], [106.72722499135959, 10.981394099877548], [106.7272304232374, 10.981317241792352], [106.727321851893, 10.981297771350247], [106.72732102304384, 10.981045748631752], [106.72741245160913, 10.981026278169765], [106.72741162270414, 10.98077425545362], [106.72750305117913, 10.98075478497176], [106.72750251956178, 10.980593162061064], [106.72759394797373, 10.980573691556957], [106.72759311894984, 10.980321668847045], [106.7276845472715, 10.98030219832306], [106.7276840155779, 10.980140575416362], [106.72777544383652, 10.980121104870141], [106.72777461469376, 10.979869082166463], [106.72786604286206, 10.979849611600365], [106.72786601672709, 10.979841668354076], [106.727870738725, 10.979687841410682], [106.72840872911348, 10.979672683213199], [106.72841416069093, 10.97959582512732], [106.72847881007029, 10.979582057232303], [106.72858337469198, 10.979581721131204], [106.72850558871792, 10.97957635437959], [106.72850386616686, 10.979053132370122], [106.72859529402177, 10.979033661609616], [106.72859386902012, 10.978600839380936], [106.7286852967302, 10.978581368605292], [106.72868416929515, 10.978238946160479], [106.72877559688769, 10.978219475367334], [106.72877476704419, 10.97796745270784], [106.72886619454644, 10.977947981894836], [106.72886536464716, 10.977695959237707], [106.72895679205914, 10.977676488404843], [106.7289559621041, 10.977424465750083], [106.72904738942577, 10.977404994897359], [106.72904685713507, 10.97724337202604], [106.72913828439374, 10.97722390115109], [106.72913775206261, 10.977062278282261], [106.72922917925825, 10.977042807385091], [106.72922864688672, 10.976881184518753], [106.72931440804349, 10.976867348603285], [106.7293335182698, 10.97677688640884], [106.72941126649478, 10.976771019567886], [106.72941073403777, 10.976609396707508], [106.72949649510424, 10.976595560747976], [106.72951560526393, 10.976505098546788], [106.7295933534106, 10.976499231665654], [106.72959282086813, 10.976337608811232], [106.7296785818443, 10.97632377280764], [106.72968401310644, 10.976246914715983], [106.72976977405031, 10.976233078689242], [106.72978888411174, 10.976142616477945], [106.72986663215269, 10.976136749535515], [106.72986609947968, 10.975975126690518], [106.72995186033326, 10.975961290619724], [106.72995729152593, 10.975884432528044], [106.73004305234721, 10.9758705964341], [106.73004848351658, 10.975793738342515], [106.73013424430556, 10.975779902225423], [106.73013967545161, 10.975703044133933], [106.73022543620829, 10.97568920799369], [106.73023086733104, 10.975612349902297], [106.7303166280554, 10.975598513738907], [106.73032205915484, 10.975521655647611], [106.73040781984692, 10.975507819461074], [106.73041325092305, 10.975430961369876], [106.73049901158282, 10.97541712516019], [106.73050444263563, 10.975340267069086], [106.7305902032631, 10.975326430836255], [106.73060931303635, 10.975235968594685], [106.73077288464584, 10.97523544186533], [106.73077831562824, 10.975158583774828], [106.7308640761845, 10.975144747470308], [106.7308695071436, 10.975067889379904], [106.73095526766753, 10.97505405305224], [106.73097437731748, 10.974963590797248], [106.73113794875918, 10.974963063884745], [106.73114337964788, 10.97488620579494], [106.7312291401006, 10.974872369395596], [106.7312482496589, 10.974781907130545], [106.7314118209872, 10.974781380079573], [106.73141725180548, 10.974704521990372], [106.73150301218698, 10.974690685519349], [106.73152212165363, 10.974600223244243], [106.73168569286851, 10.974599696054808], [106.73170480227516, 10.974509233773006], [106.731868373431, 10.974508706489784], [106.73188748277764, 10.97441824420128], [106.73205105387444, 10.97441771682427], [106.73207016316108, 10.974327254529078], [106.73232522363453, 10.974326431992168], [106.73234433283282, 10.974235969686937], [106.73250790380685, 10.974235442073246], [106.73252701294514, 10.974144979761327], [106.73278207322717, 10.974144156855358], [106.7328011822771, 10.974053694533405], [106.7331477317885, 10.974052576098726], [106.73316684072175, 10.973962113763415], [106.73378785794408, 10.973960108517263], [106.73380696667553, 10.973869646158583], [106.73432845537512, 10.97386796128954], [106.73434816241351, 10.973958298224286], [106.73488572913197, 10.973956560426151], [106.73488966206119, 10.973427704134588], [106.73498108763071, 10.973408231634703], [106.73499093731988, 10.972238608583215], [106.73516023636085, 10.972251621206626], [106.73516463842168, 10.973580495914355], [106.7350732128171, 10.973599968472671], [106.73507467289673, 10.974040733231174], [106.73524394665246, 10.974045802485708], [106.73526365398034, 10.974136139335085], [106.73542722475544, 10.97413561015847], [106.73544693214633, 10.97422594699012], [106.73561050296176, 10.97422541771081], [106.73563021041568, 10.974315754524739], [106.73579378127145, 10.974315225142735], [106.73580778574733, 10.974399963626132], [106.73588557032542, 10.974405328619312], [106.7358995748336, 10.974490067095362], [106.73599112780623, 10.974508947576567], [106.73599706702343, 10.974585768840285], [106.7361606380096, 10.974585239248414], [106.73617464260809, 10.974669977703305], [106.73625242725556, 10.974675342595987], [106.73626643188636, 10.974760081043526], [106.73634421655713, 10.974765445910542], [106.73635822122024, 10.974850184350734], [106.73643600591431, 10.974855549192085], [106.73645001060973, 10.974940287624928], [106.73652779532709, 10.974945652440613], [106.73654180005482, 10.975030390866106], [106.73663335322055, 10.975049271135601], [106.73663388952566, 10.97521089366073], [106.7367116743134, 10.975216258422922], [106.7367256791124, 10.975300996832829], [106.73680346392345, 10.975306361569354], [106.73681746875475, 10.975391099971908], [106.7368952535891, 10.975396464682769], [106.73690925845273, 10.975481203077976], [106.73700081177336, 10.975500083222377], [106.73700134830077, 10.975661705724761], [106.73717866193468, 10.975666747765702], [106.73718379110079, 10.975499490136409], [106.73726955129608, 10.975485652045323], [106.7372749805874, 10.975408793985004], [106.73736074075036, 10.975394955870788], [106.7373661700184, 10.975318097810579], [106.73745193014905, 10.975304259673237], [106.7374710377953, 10.975213797181546], [106.73754878526968, 10.975207928311226], [106.73754824846746, 10.975046305830812], [106.73763967428035, 10.975026832506723], [106.73763913743781, 10.974865210028844], [106.73773056318767, 10.974845736682585], [106.73772972601624, 10.974593714647643], [106.73782115167585, 10.974574241281603], [106.73782031444887, 10.974322219249089], [106.7379117400182, 10.974302745863275], [106.73791090273568, 10.97405072383319], [106.73800232821475, 10.974031250427595], [106.73800179122502, 10.973869627956924], [106.73809321664109, 10.973850154529167], [106.73809237924016, 10.973598132505463], [106.73818380456596, 10.973578659057932], [106.73818296710951, 10.973326637036662], [106.73827439234506, 10.973307163569354], [106.73827355483306, 10.973055141550523], [106.73836497997837, 10.97303566806344], [106.73836414241084, 10.972783646047045], [106.7384555674659, 10.972764172540193], [106.73845472984286, 10.972512150526232], [106.73854615480766, 10.972492676999613], [106.73854561759957, 10.97233105453928], [106.7386370425014, 10.972311580990505], [106.73863620475998, 10.97205955898293], [106.73872762957154, 10.97204008541439], [106.73872649126432, 10.97169766385981], [106.7388179159584, 10.97167819027389], [106.73881735223644, 10.971508624593842], [106.73726771497721, 10.971508033720674], [106.73724860740595, 10.971598496205955], [106.73709307702138, 10.971599000192262], [106.73707336938479, 10.971508663480073], [106.73663533480041, 10.97151008243711], [106.73662135664954, 10.971433287214339], [106.73689009256216, 10.971418856685503], [106.7369092002378, 10.971328394213206], [106.73753021125916, 10.971326381814192], [106.73754931873306, 10.971235919318609], [106.73881074762787, 10.971231827688275], [106.73881617653845, 10.971154969620706], [106.73890760106057, 10.9711354960222], [106.73890676318197, 10.97088347401588], [106.73899818761387, 10.970864000397611], [106.73899792439654, 10.970784834265737], [106.7366329359386, 10.970786885555206], [106.7366189578389, 10.970710090325737], [106.736704716713, 10.970696252506944], [106.73672382441917, 10.970605790041196], [106.73697888134313, 10.97060496388409], [106.73699798896098, 10.970514501408353], [106.73852584041316, 10.970509548004236], [106.73854554838942, 10.970599884595716], [106.73908310835576, 10.970598139917305], [106.73908823661387, 10.970430882301837], [106.73917966089255, 10.970411408641656], [106.73917909703108, 10.970241842966136], [106.73908754527909, 10.970222963341604], [106.73908730846468, 10.97015174043302], [106.73900952502098, 10.970146376164537], [106.73899551995386, 10.970061637866888], [106.73891773653344, 10.970056273572743], [106.73890373149861, 10.96997153526774], [106.73881217984147, 10.969952655551364], [106.73880624010079, 10.969875834374646], [106.73864267183538, 10.969876365162339], [106.73862866689083, 10.969791626836157], [106.73855088353974, 10.969786262441536], [106.73853687862751, 10.969701524108002], [106.7384590952997, 10.969696159687722], [106.73844509041976, 10.969611421346835], [106.73835353889235, 10.96959254148002], [106.7383475992848, 10.969515720281661], [106.73818403119465, 10.969516250805967], [106.73817002640497, 10.969431512443908], [106.73809224314648, 10.969426147923157], [106.73807823838912, 10.969341409553746], [106.73800045515392, 10.969336045007335], [106.73798645042885, 10.96925130663057], [106.73789489903116, 10.969232426613331], [106.73788895955674, 10.969155605393333], [106.73772539164183, 10.969156135654272], [106.73771138700704, 10.96907139725634], [106.73761983567586, 10.969052517149898], [106.73761389627971, 10.968975695917162], [106.73734513629442, 10.968982183662975], [106.73734567268241, 10.969143806217515], [106.73725424861695, 10.969163279305464], [106.73725478496462, 10.969324901862535], [106.73716902651962, 10.96933873980089], [106.7371499189985, 10.96942920228315], [106.73707217300796, 10.96943507092344], [106.73707270927035, 10.96959669348654], [106.73698695073509, 10.969610531380926], [106.73696784314747, 10.969700993856504], [106.73689009707864, 10.969706862456698], [106.73689063325574, 10.969868485025824], [106.7367992089298, 10.969887957998212], [106.73679974506659, 10.97004958056987], [106.73671398638308, 10.970063418399437], [106.73670855692073, 10.970140276480384], [106.73662279820492, 10.970154114286832], [106.73660369048427, 10.970244576749026], [106.73644816077724, 10.970245080344771], [106.7364284534591, 10.970154743558194], [106.73617339687866, 10.970155569221097], [106.73615672189435, 10.969265177266621], [106.73624814609165, 10.969245704499212], [106.73624308902352, 10.96772014410302], [106.7361515381698, 10.967701263509547], [106.7361513021139, 10.967630040525897], [106.73605975129182, 10.967611159901823], [106.73605951525985, 10.967539936915776], [106.7359817324892, 10.96753457180932], [106.73596772846136, 10.967449833272664], [106.73588994571399, 10.967444468140558], [106.73587594171846, 10.967359729596556], [106.73578439099121, 10.967340848880694], [106.73577845213933, 10.967264027559619], [106.73561488515983, 10.967264556597673], [106.73560088125454, 10.967179818032522], [106.7355230985765, 10.96717445279998], [106.73550909470349, 10.96708971422749], [106.73543131204872, 10.967084348969307], [106.73541730820801, 10.966999610389463], [106.73533952557653, 10.966994245105633], [106.7353255217681, 10.966909506518453], [106.73524773915989, 10.966904141208975], [106.73523373538376, 10.966819402614448], [106.73515595279882, 10.966814037279327], [106.73514194905498, 10.96672929867746], [106.73506416649332, 10.966723933316693], [106.73505016278175, 10.966639194707485], [106.73495861231068, 10.966620313718881], [106.73495807734551, 10.966458691021002], [106.7348802948542, 10.966453325606793], [106.73486629121382, 10.966368586982018], [106.73478850874578, 10.966363221542164], [106.7347745051377, 10.966278482910043], [106.73469672269293, 10.966273117444544], [106.73468271911713, 10.966188378805084], [106.73460493669565, 10.966183013313943], [106.73459093315212, 10.966098274667141], [106.73449938286745, 10.966079393522977], [106.7344988481787, 10.96591777079697], [106.73442106582755, 10.965912405252391], [106.73440135951712, 10.965822068231256], [106.73422975450603, 10.965822622420283], [106.73421064620572, 10.965913084796615], [106.73386410628648, 10.965914203620894], [106.73384499786954, 10.966004665983894], [106.73349845780544, 10.9660057844017], [106.73347934927187, 10.966096246751361], [106.73304132218016, 10.966097659852805], [106.73302221350164, 10.966188122185791], [106.73240121235922, 10.966190124470353], [106.73238210347908, 10.966280586779991], [106.73130366711027, 10.966284060919236], [106.73128455788682, 10.966374523188827], [106.73003118550095, 10.966378556036142], [106.73001148045488, 10.966288218621399], [106.729016491564, 10.966291416335618], [106.72901106008331, 10.966368274463955], [106.72892530188963, 10.966382110044082], [106.72891987038567, 10.966458968172512], [106.72883411215972, 10.96647280372951], [106.72882868063245, 10.966549661858034], [106.72874292237422, 10.966563497391899], [106.72873749082366, 10.966640355520521], [106.72865173253318, 10.966654191031257], [106.72864630095933, 10.966731049159973], [106.72856054263656, 10.966744884647579], [106.72855511103943, 10.96682174277639], [106.72846935268439, 10.96683557824086], [106.72846392106395, 10.966912436369764], [106.72837816267663, 10.966926271811104], [106.72837273103292, 10.967003129940101], [106.72828697261332, 10.967016965358313], [106.72828154094631, 10.967093823487403], [106.72819578249444, 10.967107658882478], [106.72817667227802, 10.967198121038317], [106.72801310496047, 10.967198645993657], [106.72800767322308, 10.967275504123334], [106.72792191470006, 10.967289339446767], [106.72791648293939, 10.967366197576537], [106.7278307243841, 10.967380032876836], [106.72782529260013, 10.9674568910067], [106.72773953401257, 10.967470726283862], [106.72772042364127, 10.967561188422897], [106.7275568561018, 10.967561713150532], [106.72755142424745, 10.96763857128098], [106.72746566558874, 10.967652406486492], [106.7274602337111, 10.96772926461703], [106.72737447502011, 10.967743099799408], [106.7273553645256, 10.967833561925001], [106.72719179681849, 10.967834086469574], [106.72718636487048, 10.967910944600694], [106.72710060610834, 10.967924779711415], [106.72709517413702, 10.968001637842626], [106.72700941534262, 10.968015472930212], [106.72699030472486, 10.96810593504236], [106.72682673685016, 10.968106459403861], [106.72682130480847, 10.96818331753565], [106.7267355459429, 10.968197152551577], [106.72671643523354, 10.968287614653637], [106.7265472013618, 10.968293773822749], [106.7265474351335, 10.968364997009088], [106.7264824051166, 10.96838162121827], [106.72645624406141, 10.96845569008581], [106.72636619579673, 10.968557129065687], [106.72636534959999, 10.968636783044166], [106.7263024772602, 10.96865340984252], [106.7261841161354, 10.96883292965005], [106.72618326374602, 10.96890856899421], [106.72612328923702, 10.968925186477312], [106.72600204431964, 10.96910907978763], [106.72600117757156, 10.96918035485921], [106.72594410089897, 10.96919696303004], [106.72581997217875, 10.969385229840473], [106.72581909107659, 10.969452140639163], [106.72576491224602, 10.969468739500698], [106.72563789971278, 10.969661379808578], [106.72563700426113, 10.969723926334053], [106.72558572327816, 10.969740515889274], [106.72547195474225, 10.969913072568719], [106.72545491712513, 10.96999571194388], [106.72540997033957, 10.970012375058364], [106.72536474972546, 10.970083915568535], [106.72536402163959, 10.970176804678145], [106.72529545414844, 10.97019354339385], [106.72527282966861, 10.970267497468626], [106.72515800000008, 10.970411000000068], [106.72508918784862, 10.970372046260358], [106.72501242852498, 10.97037229191352], [106.72499546849942, 10.9703143908091], [106.72482362981371, 10.97021079126332], [106.72480170891544, 10.970282565296406], [106.72465443952184, 10.970285926070273], [106.72463270713604, 10.970359946719638], [106.72454260911566, 10.970458058657682], [106.72454181103647, 10.970541039256748], [106.72447824412778, 10.970557692346178], [106.72443693983466, 10.970645335714007], [106.72437289787104, 10.970645540536806], [106.72431850912368, 10.970573178558642], [106.72375539613049, 10.970612972730402], [106.72328945375567, 10.970738792839196], [106.72471170160055, 10.970734857686558], [106.72473140548067, 10.970825195531125], [106.72635879159978, 10.970819984557023], [106.72637849597876, 10.970910322251168], [106.72791439325923, 10.970905396118182], [106.72793409810983, 10.970995733670133], [106.72956148360059, 10.97099050550994], [106.72958118895004, 10.97108084291132], [106.73120857410144, 10.971075605913635], [106.73122827994975, 10.971165943164362], [106.73285566476042, 10.971160697329061], [106.73287537110757, 10.97125103442907], [106.73367935962973, 10.971248439511335], [106.73369906623053, 10.971338776535415], [106.73422858941485, 10.971337066263386], [106.73424259323552, 10.971421804885791], [106.73433414518509, 10.971440685959738], [106.73432097536697, 10.971607969692112], [106.73415740592732, 10.97160849815451], [106.73413829738882, 10.971698960526595], [106.73397472789011, 10.971699488895247], [106.73395561929165, 10.97178995126065], [106.73379204973389, 10.971790479535546], [106.73377294107544, 10.97188094189427], [106.73333490550623, 10.971882356153579], [106.73331579670273, 10.971972818495615], [106.73260329483934, 10.9719751175358], [106.73258418580576, 10.972065579851133], [106.73187168356314, 10.972067877199489], [106.73185257429948, 10.972158339488107], [106.73114007167776, 10.972160635144604], [106.73112096218401, 10.972251097406486], [106.73031697033257, 10.972253685806585], [106.73029786058036, 10.972344148038374], [106.72958535718054, 10.972346440097155], [106.72956624719825, 10.972436902302176], [106.72885374341969, 10.972439192669007], [106.7288346332073, 10.972529654847245], [106.72812212905015, 10.972531943522089], [106.72810301860765, 10.972622405673528], [106.72739051407201, 10.97262469265636], [106.72737140339943, 10.972715154780989], [106.72665889848543, 10.972717440071772], [106.72663978758276, 10.97280790216957], [106.72592728229048, 10.972810185768285], [106.72590817115771, 10.972900647839234], [106.72519566548732, 10.972902929745839], [106.72517655412446, 10.972993391789926], [106.72446404807606, 10.972995672004398], [106.72444493648308, 10.973086134021612], [106.7237324300568, 10.973088412543913], [106.72372699723263, 10.97316527067215], [106.72372839070658, 10.973145557206625], [106.72372411777836, 10.973165782257626], [106.72364927571078, 10.973179079251596], [106.72363527473911, 10.97309433989921], [106.72357744146893, 10.973090348620804], [106.72355702204375, 10.97308613673643], [106.72355749045133, 10.973088971727968], [106.72354348951195, 10.973004232368268], [106.72353021614224, 10.973001494487573], [106.72352974773511, 10.972998659495946], [106.72350979672365, 10.972997282599428], [106.72351907016342, 10.972999195420538], [106.7234519374717, 10.972985348035067], [106.72345140844116, 10.9728237248463], [106.72339357522334, 10.972819733528196], [106.72337315581859, 10.97281552162961], [106.72337362422381, 10.972818356621666], [106.72335962335558, 10.972733617246462], [106.72328183916153, 10.972728248996194], [106.72334665447939, 10.972732722205185], [106.72334588159443, 10.97272804436438], [106.7232810662776, 10.972723571155134], [106.72326783832558, 10.972643509613677], [106.72319005415486, 10.97263814133778], [106.72325486945329, 10.972642614568132], [106.72325409657009, 10.972637936726919], [106.7231892812727, 10.972633463496317], [106.72317605335118, 10.972553401947954], [106.72309826920377, 10.972548033646426], [106.72316308448278, 10.972552506898133], [106.72316231160137, 10.972547829056518], [106.7230974963234, 10.972543355804559], [106.7230842684324, 10.972463294249282], [106.7230064843083, 10.972457925922127], [106.72307129956786, 10.972462399195194], [106.72307052668825, 10.972457721353173], [106.7230057114297, 10.972453248079857], [106.7229924835692, 10.972373186517672], [106.7229146994684, 10.972367818164885], [106.72297951470856, 10.97237229145931], [106.72297874183072, 10.972367613616884], [106.7229139265916, 10.97236314032221], [106.72290069876159, 10.972283078753122], [106.72282291468412, 10.972277710374707], [106.72288772990484, 10.972282183690483], [106.72288695702878, 10.972277505847657], [106.72282214180909, 10.97227303253163], [106.72280891400958, 10.972192970955634], [106.72273112995543, 10.972187602551587], [106.7227959451567, 10.97219207588872], [106.72279517228245, 10.97218739804549], [106.72273035708218, 10.972182924708104], [106.72271712931315, 10.9721028631252], [106.72263934528233, 10.972097494695529], [106.72270416046418, 10.972101968054016], [106.72270338759168, 10.972097290210383], [106.72263857241086, 10.97209281685164], [106.72262534467234, 10.972012755261833], [106.72254756066484, 10.972007386806531], [106.72261237582724, 10.972011860186376], [106.72261160295653, 10.972007182342335], [106.72254678779514, 10.97200270896224], [106.72253356008711, 10.971922647365522], [106.72245577610292, 10.971917278884595], [106.72252059124591, 10.971921752285793], [106.72251981837698, 10.971917074441354], [106.72245500323501, 10.971912601039904], [106.72244177555747, 10.97183253943628], [106.72236399159661, 10.971827170929725], [106.72242880672016, 10.971831644352278], [106.722428033853, 10.971826966507434], [106.72236321873048, 10.971822493084625], [106.72234999108342, 10.9717424314741], [106.72227220714588, 10.971737062941918], [106.72233702225002, 10.97174153638582], [106.72233624938464, 10.971736858540574], [106.72227143428154, 10.971732385096416], [106.72225820666497, 10.971652323478981], [106.72218042275075, 10.971646954921173], [106.72224523783544, 10.971651428386433], [106.72224446497187, 10.971646750540781], [106.72217964988819, 10.971642277075269], [106.72216642230212, 10.971562215450927], [106.72208863841121, 10.971556846867497], [106.72215345347647, 10.971561320354105], [106.72215268061467, 10.971556642508054], [106.72208786555042, 10.971552169021185], [106.72207463799485, 10.97147210738994], [106.72199685412726, 10.971466738780883], [106.72206166917309, 10.971471212288849], [106.72206089631308, 10.97146653444239], [106.72199608126826, 10.971462060934169], [106.72198285374319, 10.97138199929602], [106.7219050698989, 10.971376630661336], [106.72196988492531, 10.971381104190652], [106.72196911206706, 10.971376426343792], [106.72190429704169, 10.97137195281422], [106.7218910695471, 10.971291891169164], [106.72187779626411, 10.971289153208323], [106.72187732787664, 10.971286318212263], [106.72185737697893, 10.971284941196878], [106.72186665035812, 10.971286854073982], [106.721799518105, 10.971273006283141], [106.72179931135851, 10.971209726274564], [106.72188507143188, 10.971195892556905], [106.7218845390508, 10.97117478329143], [106.72189471644273, 10.971146128542555], [106.721883911891, 10.971149915975909], [106.72139300000003, 10.971322000000045], [106.72037100000006, 10.971605000000064], [106.71959500000008, 10.971680000000047], [106.71907174343208, 10.97169186971921], [106.71906600000007, 10.971692000000074], [106.7190673314908, 10.971726618763851], [106.71904900000004, 10.971871000000021], [106.71843000000007, 10.972449000000038], [106.71607292420835, 10.973771424411296]]], [[[106.71607292420835, 10.973771424411296], [106.71783721707742, 10.97278158032295], [106.71741500000007, 10.973001000000064], [106.71606700000008, 10.973760000000029], [106.71607300000005, 10.973768000000064], [106.71607100000006, 10.973769000000061], [106.71607292420835, 10.973771424411296]]], [[[106.72375539613049, 10.970612972730402], [106.72375500000004, 10.970613000000071], [106.72372800000005, 10.970618000000059], [106.72372400000006, 10.970619000000056], [106.72372100000007, 10.970619000000058], [106.72370000000006, 10.970625000000043], [106.72367500000007, 10.970633000000017], [106.72358100000008, 10.970660000000063], [106.72356778200084, 10.970663634950501], [106.72375539613049, 10.970612972730402]]], [[[106.72841416069093, 10.97959582512732], [106.72841276753695, 10.979615538582026], [106.72841706266738, 10.979595207115405], [106.72841416069093, 10.97959582512732]]], [[[106.72292400000003, 10.970838000000072], [106.72292057451484, 10.970839141828503], [106.72295479080945, 10.970830874418382], [106.72315669182244, 10.970830229570534], [106.72317458589647, 10.970772332568941], [106.72316900000004, 10.970774000000064], [106.72308900000007, 10.970798000000057], [106.72300400000006, 10.97081900000006], [106.72292400000003, 10.970838000000072]]], [[[106.72317458589647, 10.970772332568941], [106.72328411613184, 10.97073968110561], [106.72326900000007, 10.970744000000023], [106.72323600000006, 10.970754000000055], [106.72317458589647, 10.970772332568941]]], [[[106.72262600000006, 10.97090500000007], [106.72257300000007, 10.970918000000037], [106.72254204976065, 10.970925176869269], [106.72255412800348, 10.970922554629206], [106.72279103300357, 10.970921798274784], [106.72280931822377, 10.970866023768785], [106.72276300000006, 10.970876000000032], [106.72262600000006, 10.97090500000007]]], [[[106.72215120330594, 10.971104642496918], [106.7221688714205, 10.971050025953396], [106.72201070173695, 10.971105470965957], [106.72215120330594, 10.971104642496918]]], [[[106.7221688714205, 10.971050025953396], [106.72233388523563, 10.971013658564344], [106.72235485906579, 10.970965816732901], [106.72235400000005, 10.970966000000033], [106.72222600000003, 10.97103000000004], [106.7221688714205, 10.971050025953396]]]]}}, {"type": "Feature", "properties": {"name": "Khu phố Bình Chuẩn 2", "code": "KPBC2", "area_ha": 57.26, "ward_area_ha": 1669.11}, "geometry": {"type": "MultiPolygon", "coordinates": [[[[106.72931400000004, 10.988665000000026], [106.72961100000005, 10.98837000000003], [106.72963062322837, 10.988349277881493], [106.72931371349782, 10.988665229201825], [106.72931400000004, 10.988665000000026]]], [[[106.72963062322837, 10.988349277881493], [106.72972038534212, 10.98825448908754], [106.72963216137073, 10.98827037389193], [106.72963062322837, 10.988349277881493]]], [[[106.72972038534212, 10.98825448908754], [106.72973600000006, 10.988238000000022], [106.72980694318751, 10.988163832128345], [106.72972335693804, 10.988179679540824], [106.72972038534212, 10.98825448908754]]], [[[106.72980694318751, 10.988163832128345], [106.72982400000006, 10.988146000000027], [106.72989325625777, 10.988073139397736], [106.72981455244967, 10.988088985166634], [106.72980694318751, 10.988163832128345]]], [[[106.72989325625777, 10.988073139397736], [106.7299794487258, 10.987982461095761], [106.7299057479056, 10.987998290769353], [106.72989325625777, 10.988073139397736]]], [[[106.72826105027079, 10.989489291626471], [106.72835233170967, 10.98942441866725], [106.72827730498585, 10.989436382830664], [106.72826105027079, 10.989489291626471]]], [[[106.72835233170967, 10.98942441866725], [106.72846528268539, 10.989344145274508], [106.72836850132958, 10.989345688826349], [106.72835233170967, 10.98942441866725]]], [[[106.72846528268539, 10.989344145274508], [106.72862617577997, 10.989229799644104], [106.72855119175303, 10.98925470047176], [106.72846528268539, 10.989344145274508]]], [[[106.72862617577997, 10.989229799644104], [106.72864700000008, 10.98921500000006], [106.72871617897249, 10.989162413818061], [106.72864238795493, 10.989164006396223], [106.72862617577997, 10.989229799644104]]], [[[106.72871617897249, 10.989162413818061], [106.72891800000008, 10.989009000000063], [106.72897200000006, 10.988960000000075], [106.72908301406595, 10.988858367419128], [106.72900747023759, 10.988891629576232], [106.728991794427, 10.988941878334508], [106.72871617897249, 10.989162413818061]]], [[[106.72908301406595, 10.988858367419128], [106.72911400000004, 10.988830000000066], [106.72917402439444, 10.988780192531578], [106.72909866618632, 10.988800935383292], [106.72908301406595, 10.988858367419128]]], [[[106.72917402439444, 10.988780192531578], [106.72920800000009, 10.988752000000034], [106.72926085609691, 10.988708503845567], [106.72918986207938, 10.988710241167256], [106.72917402439444, 10.988780192531578]]], [[[106.72183891720788, 10.98332503136174], [106.7218386159239, 10.983232923123454], [106.721774612575, 10.983216397974891], [106.72187973539536, 10.983396864055331], [106.72183891720788, 10.98332503136174]]], [[[106.72187973539536, 10.983396864055331], [106.72188552020914, 10.983406794932492], [106.72222000000005, 10.983981000000028], [106.72291310744255, 10.990061976926352], [106.72299833175046, 10.991024730778765], [106.72300100000008, 10.991055000000074], [106.72300102826021, 10.991055192299426], [106.72308800000008, 10.991647000000057], [106.72316000000006, 10.992143000000057], [106.72316500000005, 10.992173000000037], [106.72316600000005, 10.992173000000037], [106.72316936964141, 10.99217243839316], [106.72346299953259, 10.992117971256134], [106.72353400000009, 10.992105000000038], [106.72361758321628, 10.992089296498522], [106.72372700000005, 10.992069000000068], [106.72429200000005, 10.991994000000032], [106.72456300000005, 10.99198700000005], [106.72456391081519, 10.991986717775882], [106.72470500000009, 10.991943000000047], [106.72498379417823, 10.991801104755403], [106.72498400000006, 10.991801000000065], [106.72509800000006, 10.99173300000007], [106.72550500000006, 10.991493000000046], [106.72596400000003, 10.991211000000021], [106.72604250155145, 10.991161494574472], [106.72648127552007, 10.990896410729059], [106.72648200000003, 10.990896000000019], [106.72658113792134, 10.9908021394545], [106.72698700000008, 10.990419000000031], [106.72758775492666, 10.990011166373135], [106.72758800000008, 10.990011000000036], [106.7275887772454, 10.990010367915222], [106.72820435004235, 10.989529587980222], [106.72820972418809, 10.98952576862299], [106.72819288195454, 10.98952384610427], [106.72817233978274, 10.989513560987557], [106.72817150957638, 10.989261538469078], [106.72807995226385, 10.989242656002375], [106.72808556178265, 10.989243812891205], [106.72807706410887, 10.988365778538526], [106.72807703794749, 10.988357835297172], [106.7279854809222, 10.988338952776495], [106.72798286481543, 10.987544531742659], [106.72789130804895, 10.987525649170612], [106.72788869239247, 10.986731228071971], [106.72779713588481, 10.986712345448552], [106.72779452067857, 10.985917924285118], [106.72770296442971, 10.985899041610335], [106.72770005214483, 10.98501422061111], [106.72760849618311, 10.984995337882376], [106.72760588190008, 10.984200916584575], [106.72751432619711, 10.98418203380449], [106.7275117123642, 10.983387612441907], [106.72742015691995, 10.983368729610469], [106.72741754353713, 10.982574308183112], [106.72732598835158, 10.982555425300328], [106.72732307809741, 10.981670604007173], [106.72723152319892, 10.981651721070456], [106.7272304232374, 10.981317241792352], [106.72722499135959, 10.981394099877548], [106.72705337699286, 10.981394650797617], [106.72703426588657, 10.98148511290705], [106.72677919886594, 10.98148593154022], [106.72676008767122, 10.98157639363957], [106.7265050205513, 10.981577212049714], [106.72648590926818, 10.981667674138972], [106.726322333909, 10.981668198869368], [106.72630322256582, 10.981758660951892], [106.72604815525457, 10.981759478992624], [106.72602904382296, 10.981849941065054], [106.72577397641246, 10.981850758882757], [106.72575486489241, 10.981941220945089], [106.7255912893469, 10.98194174529554], [106.7255721777668, 10.982032207351134], [106.725317110165, 10.982033024799403], [106.72529799849646, 10.982123486844893], [106.7250429307954, 10.982124304070124], [106.72502381903844, 10.982214766105512], [106.72486024330661, 10.982215290076], [106.72484113148958, 10.982305752104647], [106.72458606359724, 10.98230656896042], [106.7245669516918, 10.982397030978957], [106.72431188370022, 10.982397847611676], [106.72429277170635, 10.982488309620104], [106.72412919578818, 10.98248883321061], [106.72411008373425, 10.982579295212288], [106.72385501555142, 10.982580111475535], [106.72383590340904, 10.982670573467104], [106.72358083512698, 10.982671389507283], [106.72356172289616, 10.982761851488736], [106.72339814679174, 10.982762374699234], [106.72337903450084, 10.982852836673933], [106.72312396602757, 10.98285365234462], [106.72310485364824, 10.982944114309197], [106.72284978507575, 10.982944929756806], [106.72283067260798, 10.983035391711264], [106.7226670963173, 10.983035914541741], [106.72264798378947, 10.98312637648944], [106.72239291502576, 10.983127191567533], [106.72237380240949, 10.98321765350511], [106.7221187335466, 10.983218468360112], [106.72209962084187, 10.98330893028756], [106.72194408362338, 10.983309427063286], [106.72194298456365, 10.983314628984248], [106.7219303781248, 10.983315087624629], [106.72193056886053, 10.983373393301127], [106.7219275453961, 10.983387703548752], [106.72190383345831, 10.983398475511414], [106.72187973539536, 10.983396864055331]]], [[[106.72316936964141, 10.99217243839316], [106.72317200000003, 10.992172000000041], [106.72318400000006, 10.99217000000004], [106.72324330270698, 10.992158724141769], [106.72316936964141, 10.99217243839316]]], [[[106.72156378640643, 10.982854468369673], [106.7216557962686, 10.98301242372442], [106.72165474408678, 10.982962307558626], [106.72156378640643, 10.982854468369673]]], [[[106.72156378640643, 10.982854468369673], [106.72156266049872, 10.982781799746991], [106.72151180611093, 10.982765232558027], [106.72156378640643, 10.982854468369673]]], [[[106.72147057702973, 10.982601291895842], [106.72140668376001, 10.982584766304985], [106.72147177664702, 10.98269651297715], [106.72147057702973, 10.982601291895842]]], [[[106.72114387846952, 10.982133600456637], [106.72119574798529, 10.982222646572911], [106.72119462280482, 10.982150168069497], [106.72114387846952, 10.982133600456637]]], [[[106.72119574798529, 10.982222646572911], [106.72128775743646, 10.982380602078766], [106.72128670594965, 10.98233067603564], [106.72119574798529, 10.982222646572911]]], [[[106.72103875658803, 10.981953134031015], [106.72110373863687, 10.982064691029281], [106.72110253977901, 10.98196966006385], [106.72103875658803, 10.981953134031015]]], [[[106.72082771120806, 10.98159082417177], [106.72091972024825, 10.981748779828711], [106.72091866945594, 10.981699043908312], [106.72082771120806, 10.98159082417177]]], [[[106.72082771120806, 10.98159082417177], [106.72082658675427, 10.98151853578769], [106.72077595247103, 10.981501967751244], [106.72082771120806, 10.98159082417177]]], [[[106.72073570227059, 10.981432868477055], [106.72073450417163, 10.981338027627562], [106.72067083105892, 10.981321501153065], [106.72073570227059, 10.981432868477055]]]]}}, {"type": "Feature", "properties": {"name": "Khu phố Bình Chuẩn 3", "code": "KPBC3", "area_ha": 96.44, "ward_area_ha": 1669.11}, "geometry": {"type": "MultiPolygon", "coordinates": [[[[106.74180017947042, 10.986635911852241], [106.74188700000009, 10.986655000000042], [106.74188725125289, 10.986655036238517], [106.74180017947042, 10.986635911852241]]], [[[106.74180017947042, 10.986635911852241], [106.7417816106406, 10.986590239610411], [106.7415944627614, 10.98659068337248], [106.74180017947042, 10.986635911852241]]], [[[106.74188725125289, 10.986655036238517], [106.74209500000006, 10.986685000000026], [106.74217300000005, 10.986685000000024], [106.74220600000007, 10.986685000000024], [106.74224300000009, 10.986680000000034], [106.74226400000003, 10.986676000000047], [106.74228800000009, 10.986672000000056], [106.74230900000003, 10.986665000000073], [106.74239600000004, 10.986638000000028], [106.74239443851481, 10.98663268859398], [106.7422469747461, 10.986679122609846], [106.74188725125289, 10.986655036238517]]], [[[106.73034200000006, 10.98798500000004], [106.73088764606179, 10.988389137930698], [106.73089000000004, 10.988391000000036], [106.73089055797563, 10.988391294661433], [106.73097900000005, 10.988438000000027], [106.73102294084957, 10.988450982523782], [106.73102300000005, 10.988451000000055], [106.73103000000003, 10.988453000000048], [106.7310806381918, 10.988446183320526], [106.73108200000007, 10.988446000000067], [106.73117600000006, 10.988391000000034], [106.73117800000006, 10.98838900000004], [106.73118800000009, 10.98838100000006], [106.73140023476344, 10.988211066384219], [106.73164500000007, 10.988031000000035], [106.73190800000005, 10.987895000000039], [106.7320890000001, 10.987821000000052], [106.73214400000008, 10.987795000000062], [106.73236900000006, 10.987686000000052], [106.73248700000005, 10.98762800000003], [106.73302500000005, 10.987436000000057], [106.73309000000006, 10.987409000000069], [106.73309013179767, 10.98740893862379], [106.73329400000006, 10.987314000000024], [106.73344000000009, 10.987240000000043], [106.73386900000008, 10.98702000000003], [106.73389600000007, 10.987006000000065], [106.73401400000006, 10.986939000000062], [106.73405100000008, 10.986918000000058], [106.73447000000004, 10.98693300000002], [106.73497228021839, 10.987358270410187], [106.73519100000004, 10.987559000000031], [106.73535696442342, 10.987683973210414], [106.73535700000008, 10.987684000000055], [106.73546005317961, 10.987760553791308], [106.73546005355561, 10.987760554070622], [106.73546200000004, 10.987762000000032], [106.73556574937292, 10.98775607146467], [106.73556700000006, 10.987756000000047], [106.73601800000006, 10.987556000000042], [106.73602320405335, 10.987552877568142], [106.73602800000003, 10.987550000000056], [106.73588300000006, 10.987304000000051], [106.73601255142783, 10.987234971025824], [106.73643300000003, 10.987013000000045], [106.73694900000004, 10.986736000000064], [106.73779100000007, 10.986355000000058], [106.73781700000006, 10.986364000000037], [106.73791200000005, 10.986386000000039], [106.73802700000005, 10.986405000000044], [106.73808200000008, 10.986414000000025], [106.73809205739398, 10.98641559531316], [106.73839899292173, 10.98647737340923], [106.73846400000009, 10.986492000000055], [106.73850000000004, 10.986498000000038], [106.73850500000009, 10.986499000000041], [106.73850900000008, 10.986500000000033], [106.73852500000004, 10.986503000000027], [106.73852593026844, 10.986502922478195], [106.73887300000007, 10.986474000000044], [106.7388928717721, 10.986469703402587], [106.73910853652667, 10.98645017914553], [106.73911200000003, 10.986450000000048], [106.73911272660149, 10.986449799814066], [106.73921000000007, 10.98642300000006], [106.73923100000007, 10.986416000000075], [106.73931600000009, 10.986385000000038], [106.73935300000005, 10.986369000000026], [106.73936800000007, 10.98636300000004], [106.73941500000006, 10.986345000000027], [106.73945400000008, 10.986331000000066], [106.73969200000006, 10.986342000000034], [106.73972300000008, 10.986343000000032], [106.74010167333554, 10.986343930418982], [106.74069031994897, 10.986355681204639], [106.74069800000007, 10.986357000000053], [106.74071889675193, 10.986363402418132], [106.74069474152343, 10.986336117723472], [106.74069653319026, 10.986328190401824], [106.7406871507185, 10.986327543479126], [106.7406827905219, 10.986322618389629], [106.74061797228694, 10.98631814915439], [106.74060473880178, 10.98623808889177], [106.7405914647387, 10.98623535182199], [106.7405909961391, 10.986232516874882], [106.74057104425346, 10.986231141181335], [106.74058031817765, 10.986233053435898], [106.74051318197904, 10.986219210151761], [106.74051264301211, 10.986057587933264], [106.7404548072602, 10.986053600102197], [106.74043438678882, 10.986049389451065], [106.74043485538648, 10.986052224398605], [106.74042084876545, 10.985967486354026], [106.74040757471566, 10.985964749274974], [106.74040710611847, 10.985961914327344], [106.74038715425088, 10.985960538620056], [106.74039642816578, 10.985962450881095], [106.74032929203445, 10.98594860755007], [106.74032875318115, 10.985786985319685], [106.74027091748164, 10.985782997448789], [106.74025049703069, 10.985778786783396], [106.74025096562596, 10.985781621731459], [106.74023695907628, 10.985696883671263], [106.74022368503981, 10.98569414658294], [106.74022321644499, 10.985691311634787], [106.74020326459546, 10.985689935913763], [106.74021253850108, 10.985691848181277], [106.74014540243698, 10.985678004803368], [106.74014486369734, 10.985516382561089], [106.7400870280502, 10.985512394650373], [106.74006660761972, 10.985508183970717], [106.74006707621263, 10.985511018919304], [106.74005306973427, 10.985426280843491], [106.73997528227287, 10.985420917176006], [106.74004010031332, 10.985425386566302], [106.74003932711868, 10.985420708797225], [106.73997450907925, 10.985416239406668], [106.73996127582689, 10.985336179092828], [106.73994800180829, 10.985333441990795], [106.73994753321695, 10.985330607041872], [106.73992758139147, 10.985329231300513], [106.7399368552846, 10.985331143577614], [106.73986971931097, 10.985317300130342], [106.73986918073943, 10.985155677870718], [106.73981134516201, 10.985151689901077], [106.73979092475905, 10.98514747920032], [106.73979139334847, 10.985150314149674], [106.73977738697383, 10.985065576050884], [106.73969959960618, 10.985060212304147], [106.73976441756851, 10.985064681760482], [106.73976364437956, 10.985060003990133], [106.73969882641826, 10.985055534533544], [106.73968559326389, 10.984975474197993], [106.73967231926318, 10.984972737082245], [106.73967185067531, 10.984969902132555], [106.73965189887387, 10.984968526370873], [106.7396611727545, 10.984970438657552], [106.73959403687134, 10.984956595140918], [106.73959349846791, 10.984794972863954], [106.73953566296018, 10.984790984835389], [106.73951524258474, 10.984786774113537], [106.7395157111707, 10.98478960906366], [106.73950170489974, 10.984704870941892], [106.73942391762584, 10.984699507115904], [106.73948873551006, 10.98470397663828], [106.73948796232685, 10.984699298866664], [106.73942314444366, 10.984694829344035], [106.73940991138726, 10.984614768986777], [106.73939663740443, 10.984612031857315], [106.73939616882002, 10.98460919690686], [106.73937621704265, 10.984607821124847], [106.73938549091076, 10.984609733421108], [106.73931835511807, 10.984595889835125], [106.73931781688273, 10.984434267540818], [106.73925998144472, 10.984430279453333], [106.73923956109678, 10.984426068710388], [106.73924002967928, 10.984428903661279], [106.73922602351202, 10.984344165516541], [106.73914823633187, 10.98433880161131], [106.73921305413796, 10.984343271199714], [106.73921228096047, 10.98433859342683], [106.73914746315542, 10.98433412383817], [106.73913423019695, 10.98425406345921], [106.73905644304011, 10.984248699528283], [106.73912126082678, 10.984253169138098], [106.73912048765109, 10.984248491364806], [106.73905566986544, 10.984244021754737], [106.73904243693755, 10.984163961368823], [106.73896464980405, 10.984158597412204], [106.73902946757127, 10.98416306704343], [106.73902869439735, 10.984158389269734], [106.73896387663115, 10.984153919638254], [106.7389506437338, 10.984073859245385], [106.73893736977806, 10.984071122093324], [106.73893690119928, 10.984068287141604], [106.73891694945792, 10.98406691132609], [106.73892622330713, 10.98406882363814], [106.73885908765135, 10.984054979937856], [106.73885854969296, 10.983893357615315], [106.73880071435933, 10.983889369430708], [106.73878029405304, 10.983885158652997], [106.73878076262989, 10.983887993605151], [106.73876675663101, 10.983803255422725], [106.73868896959124, 10.98379789138687], [106.73875378728036, 10.983802361084116], [106.73875301411215, 10.983797683309152], [106.73868819642406, 10.983793213611648], [106.73867496362469, 10.983713153197083], [106.73859717660824, 10.983707789135533], [106.73866199427792, 10.98371225885419], [106.73866122111151, 10.98370758107882], [106.73859640344286, 10.983703111359906], [106.73858317067403, 10.98362305093839], [106.73850538368089, 10.983617686851154], [106.73857020133116, 10.983622156591215], [106.73856942816653, 10.983617478815436], [106.7385046105173, 10.98361300907512], [106.73849137777903, 10.983532948646646], [106.7384135908092, 10.98352758453372], [106.73847840844005, 10.983532054295189], [106.73847763527719, 10.983527376519005], [106.73841281764739, 10.983522906757283], [106.73839958493967, 10.983442846321857], [106.73832179799315, 10.983437482183243], [106.73838661560457, 10.983441951966114], [106.73838584244352, 10.98343727418953], [106.73832102483314, 10.9834328044064], [106.73830779215598, 10.983352743964021], [106.73823000523278, 10.983347379799717], [106.73829482282476, 10.983351849603995], [106.7382940496655, 10.983347171827], [106.73822923207453, 10.983342702022465], [106.73821599942794, 10.983262641573134], [106.73813821252806, 10.983257277383144], [106.7382030301006, 10.983261747208829], [106.73820225694314, 10.983257069431428], [106.7381374393716, 10.983252599605485], [106.73812420675556, 10.983172539149205], [106.73804641987898, 10.983167174933527], [106.73811123743211, 10.983171644780617], [106.73811046427642, 10.98316696700281], [106.7380456467243, 10.983162497155464], [106.73803241413883, 10.983082436692227], [106.73795462728555, 10.983077072450861], [106.73801944481927, 10.983081542319358], [106.73801867166536, 10.98307686454114], [106.73795385413267, 10.983072394672392], [106.73794062157775, 10.982992334202205], [106.73792734767659, 10.982989597000888], [106.73792687910995, 10.982986762046433], [106.73790692744045, 10.982985386157885], [106.73791620125152, 10.982987298504343], [106.73784906587191, 10.982973454554948], [106.73784852851719, 10.982811832171485], [106.73779069339191, 10.982807843775177], [106.73777027316963, 10.982803632921696], [106.73777074173437, 10.982806467876584], [106.73775673609786, 10.982721729612328], [106.73767894933835, 10.982716365291743], [106.73774376679393, 10.982720835226248], [106.73774299364574, 10.982716157446768], [106.73767817619117, 10.982711687512007], [106.73766494373419, 10.982631627020133], [106.73765166985092, 10.982628889805104], [106.73765120128773, 10.982626054849884], [106.73763124964229, 10.982624678941015], [106.73764052344086, 10.98262659129705], [106.73757338815172, 10.982612747278326], [106.73756744818515, 10.982535926134396], [106.73740387289371, 10.982536456860968], [106.73738986737993, 10.982451718568173], [106.73733203232361, 10.982447730077983], [106.7373116121303, 10.982443519190916], [106.73731208068983, 10.982446354147006], [106.73729807520839, 10.982361615846855], [106.73722028854161, 10.98235625140001], [106.73728510591992, 10.982360721439726], [106.7372843327803, 10.982356043658262], [106.73721951540301, 10.98235157361829], [106.73720628309252, 10.9822715130925], [106.73712849644905, 10.982266148619969], [106.73719331380794, 10.982270618681088], [106.7371925406701, 10.98226594089922], [106.73712772331223, 10.982261470837843], [106.73711449103227, 10.982181410305108], [106.73703670441212, 10.98217604580689], [106.73710152175158, 10.98218051588941], [106.73710074861553, 10.982175838107135], [106.73703593127709, 10.98217136802436], [106.73702269902769, 10.982091307484673], [106.73694491243086, 10.982085942960774], [106.7370097297509, 10.982090413064697], [106.73700895661662, 10.982085735282016], [106.7369441392976, 10.982081265177838], [106.73693090707876, 10.982001204631207], [106.73685312050523, 10.981995840081623], [106.73691793780584, 10.982000310206944], [106.73691716467336, 10.981995632423857], [106.73685234737377, 10.98199116229828], [106.73683911518548, 10.981911101744698], [106.73676132863524, 10.981905737169436], [106.73682614591644, 10.981910207316155], [106.73682537278573, 10.981905529532664], [106.73676055550557, 10.981901059385686], [106.73674732334783, 10.981820998825157], [106.73666953682091, 10.98181563422421], [106.73673435408269, 10.981820104392334], [106.73673358095377, 10.981815426608433], [106.73666876369303, 10.981810956440059], [106.73665553156583, 10.98173089587258], [106.73657774506222, 10.981725531245953], [106.73664256230457, 10.981730001435473], [106.73664178917744, 10.98172532365117], [106.73657697193613, 10.981720853461395], [106.73656373983947, 10.981640792886969], [106.73655046600717, 10.981638055619019], [106.73654999745675, 10.981635220660872], [106.73653004587695, 10.981633844673508], [106.73653931963992, 10.981635757066519], [106.73647218460853, 10.981621912780119], [106.73646624496736, 10.981545091583381], [106.7363026701668, 10.981545621670962], [106.73628866503441, 10.981460883290804], [106.73623083016838, 10.981456894573082], [106.73621041005347, 10.9814526836046], [106.73621087860025, 10.981455518563617], [106.73619687350019, 10.981370780176107], [106.73611908708934, 10.981365415423236], [106.7361839042544, 10.981369885717953], [106.73618313113582, 10.981365207931669], [106.73611831397179, 10.981360737636694], [106.73610508202161, 10.981280677028376], [106.73602729563407, 10.981275312249828], [106.7360921127797, 10.98127978256594], [106.7360913396629, 10.98127510477925], [106.7360265225183, 10.98127063446288], [106.73601329059868, 10.981190573847615], [106.7360000167898, 10.981187836553397], [106.73599954824566, 10.981185001593799], [106.73597959669561, 10.981183625567471], [106.73598887044221, 10.981185537978838], [106.7359217355293, 10.98117169355957], [106.73591579604884, 10.98109487233676], [106.73575222146887, 10.981095402107115], [106.73573821652383, 10.981010663683737], [106.73568038174409, 10.98100667485306], [106.7356599616652, 10.981002463844172], [106.73566043020573, 10.981005298804634], [106.73564642529303, 10.9809205603739], [106.73563315149839, 10.980917823062297], [106.73563268295834, 10.980914988101748], [106.73561273142612, 10.980913612049626], [106.73562200516275, 10.98091552447314], [106.73555487032189, 10.980901679965944], [106.73554893094725, 10.980824858725953], [106.73538535649773, 10.98082538828633], [106.73537135167538, 10.980740649834436], [106.73531351694727, 10.980736660929], [106.7352930968903, 10.980732449893368], [106.73529356542673, 10.980735284854784], [106.7352795606367, 10.980650546395538], [106.73526628685633, 10.98064780906655], [106.73526581832039, 10.980644974105047], [106.73524586680595, 10.980643598027136], [106.73525514053264, 10.980645510462796], [106.73518800576383, 10.980631665867675], [106.73518206649497, 10.980554844610511], [106.73501849217597, 10.980555373960916], [106.73499878432264, 10.980465037163494], [106.73446924500557, 10.98046675017963], [106.73444953732435, 10.980376413331177], [106.73382850682337, 10.980378421084295], [106.73380879934152, 10.980288084176497], [106.73318776890508, 10.980290090606633], [106.73316806162259, 10.980199753639502], [106.7324555400132, 10.980202054035368], [106.73243583295735, 10.980111717000598], [106.73181480263253, 10.980113720598256], [106.73179509577605, 10.980023383504184], [106.73117406551603, 10.980025385778921], [106.7311543588589, 10.979935048625556], [106.73053332866377, 10.979937049577396], [106.730513622206, 10.979846712364745], [106.72989259207584, 10.979848711993712], [106.72987288581743, 10.979758374721792], [106.72925185575231, 10.9797603730279], [106.72923214969327, 10.979670035696723], [106.72861111969327, 10.97967203268], [106.72859141383358, 10.979581695289577], [106.72841980058364, 10.979582246890102], [106.72840068996898, 10.979672709050211], [106.72787115101231, 10.979674410468396], [106.72786601672709, 10.979841668354076], [106.72777458856118, 10.979861138919967], [106.7277754177033, 10.980113161623779], [106.72768398944709, 10.980132632169791], [106.72768452114026, 10.980294255076572], [106.72759309282101, 10.98031372560035], [106.72759392184426, 10.980565748310392], [106.72750249343471, 10.980585218814294], [106.72750302505165, 10.980746841725074], [106.72741159657905, 10.980766312206732], [106.72741242548341, 10.981018334923004], [106.72732099692051, 10.981037805384783], [106.72732182576904, 10.981289828103415], [106.72723039711583, 10.98130929854531], [106.72723154932135, 10.981659664317315], [106.72732310422234, 10.981678547253805], [106.72732601447872, 10.982563368546488], [106.72741756966677, 10.982582251429049], [106.7274201830516, 10.983376672855988], [106.72751173849835, 10.983395555687196], [106.72751435233326, 10.984189977049358], [106.72760590803873, 10.984208859829218], [106.72760852232376, 10.985003281126598], [106.72770007828797, 10.985022163855103], [106.7277029905751, 10.98590698485386], [106.72779454682644, 10.985925867528413], [106.7277971620347, 10.986720288691432], [106.72788871854486, 10.986739171314623], [106.72789133420336, 10.987533592412841], [106.72798289097231, 10.987552474984662], [106.7279855070811, 10.98834689601808], [106.72807706410887, 10.988365778538526], [106.72808568164548, 10.989256197683503], [106.7281715357425, 10.989269481709737], [106.72817236594949, 10.989521504228083], [106.72820972418809, 10.98952576862299], [106.72826105027079, 10.989489291626471], [106.72827730498585, 10.989436382830664], [106.72835233170967, 10.98942441866725], [106.72836850132958, 10.989345688826349], [106.72846528268539, 10.989344145274508], [106.72855119175303, 10.98925470047176], [106.72862617577997, 10.989229799644104], [106.72864238795493, 10.989164006396223], [106.72871617897249, 10.989162413818061], [106.728991794427, 10.988941878334508], [106.72900747023759, 10.988891629576232], [106.72908301406595, 10.988858367419128], [106.72909866618632, 10.988800935383292], [106.72917402439444, 10.988780192531578], [106.72918986207938, 10.988710241167256], [106.72926085609691, 10.988708503845567], [106.72931371349782, 10.988665229201825], [106.72963062322837, 10.988349277881493], [106.72963216137073, 10.98827037389193], [106.72972038534212, 10.98825448908754], [106.72972335693804, 10.988179679540824], [106.72980694318751, 10.988163832128345], [106.72981455244967, 10.988088985166634], [106.72989325625777, 10.988073139397736], [106.7299057479056, 10.987998290769353], [106.7299794487258, 10.987982461095761], [106.73009300000007, 10.987863000000061], [106.73034200000006, 10.98798500000004]]], [[[106.73034200000006, 10.98798500000004], [106.73035000000004, 10.98799100000002], [106.7303510301882, 10.987991688312338], [106.73034200000006, 10.98798500000004]]], [[[106.73499878432264, 10.980465037163494], [106.73500662184877, 10.980500962799837], [106.73500448747629, 10.980470635480513], [106.73508223642126, 10.980464767118804], [106.73499878432264, 10.980465037163494]]], [[[106.74071889675193, 10.986363402418132], [106.74093300000004, 10.986429000000042], [106.74095100000007, 10.986435000000027], [106.74106736284814, 10.986468246549498], [106.74104906371166, 10.986411825923904], [106.74087980111932, 10.986412377223001], [106.74071889675193, 10.986363402418132]]], [[[106.74106736284814, 10.986468246549498], [106.74116100000003, 10.986495000000048], [106.74129800000009, 10.986535000000062], [106.74134261170437, 10.986542758557414], [106.7413238441528, 10.986501331119992], [106.74118524074268, 10.986501782695855], [106.74106736284814, 10.986468246549498]]], [[[106.73509431269902, 10.980407596496462], [106.73509860737063, 10.980387264975018], [106.7350957054061, 10.980387883050078], [106.73509431269902, 10.980407596496462]]]]}}, {"type": "Feature", "properties": {"name": "Khu phố Bình Chuẩn 4", "code": "KPBC4", "area_ha": 73.71, "ward_area_ha": 1669.11}, "geometry": {"type": "MultiPolygon", "coordinates": [[[[106.73651845008578, 10.967990454636418], [106.73644066719875, 10.967985089658205], [106.73642666300947, 10.96790035115828], [106.73633511209253, 10.967881470626006], [106.73632917307621, 10.96780464933161], [106.73624338866775, 10.96781054374397], [106.73624811975876, 10.96923776126745], [106.73615669556384, 10.969257234034643], [106.73615965505175, 10.970149996926613], [106.73642041459131, 10.970154769584678], [106.73644012190707, 10.970245106371985], [106.73661172935405, 10.9702445507175], [106.73661715884109, 10.970167692636464], [106.73670291756115, 10.970153854831251], [106.73672202524769, 10.97006339236542], [106.7367997714162, 10.970057523799888], [106.73679923527901, 10.969895901228316], [106.73689065960733, 10.969876428255718], [106.73689012342983, 10.969714805686676], [106.73697588200167, 10.96970096781664], [106.73699498958679, 10.969610505340771], [106.73707273562614, 10.969604636716136], [106.73707219936335, 10.969443014153121], [106.73715795784491, 10.96942917623912], [106.73717706536353, 10.969338713756565], [106.7372548113246, 10.96933284509184], [106.73725427497652, 10.969171222534852], [106.73734569904437, 10.969151749446691], [106.73734516265598, 10.968990126892235], [106.73743658666086, 10.968970653781918], [106.73743632390557, 10.968891487602782], [106.73735854078575, 10.968886122881102], [106.73734453627351, 10.968801384454656], [106.73726675317697, 10.96879601970732], [106.73725274869703, 10.968711281273524], [106.73717496562375, 10.968705916500534], [106.73716096117612, 10.968621178059394], [106.73708317812611, 10.968615813260744], [106.73706917371076, 10.968531074812251], [106.73699139068405, 10.968525709987954], [106.736977386301, 10.968440971532116], [106.73689960329757, 10.968435606682162], [106.73688559894681, 10.968350868218975], [106.73680781596667, 10.968345503343372], [106.73679381164821, 10.968260764872834], [106.73671602869133, 10.968255399971577], [106.73670202440516, 10.968170661493692], [106.73662424147156, 10.968165296566784], [106.73661023721769, 10.968080558081555], [106.73651868623753, 10.968061677610482], [106.73651845008578, 10.967990454636418]]], [[[106.72977541382862, 10.976219500434777], [106.729689652889, 10.976233336462757], [106.7296868822757, 10.976246451826164], [106.72968401310644, 10.976246914715983], [106.72968262003334, 10.97626662817217], [106.72967054279341, 10.976323798670395], [106.72959279469559, 10.976329665567228], [106.72959332723767, 10.976491288421732], [106.72950756620774, 10.97650512440566], [106.72948845604557, 10.976595586606555], [106.72941070786942, 10.976601453463207], [106.72941124032603, 10.976763076323675], [106.72932547920583, 10.97677691226354], [106.72930636897705, 10.976867374457688], [106.72922862072258, 10.976873241274165], [106.72922915309371, 10.977034864140586], [106.72913772590046, 10.97705433503755], [106.72913825823119, 10.977215957906463], [106.72904683097491, 10.977235428781203], [106.72904736326521, 10.97739705165261], [106.72895593594592, 10.977416522505123], [106.72895676590032, 10.977668545160018], [106.72886533849075, 10.977688015992674], [106.72886616838939, 10.977940038649937], [106.72877474088953, 10.977959509462735], [106.7287755707324, 10.978211532122362], [106.72868414314225, 10.978231002915297], [106.72868527057643, 10.978573425360292], [106.72859384286875, 10.978592896135726], [106.72859526786928, 10.979025718364637], [106.72850384001678, 10.979045189124934], [106.72850558871792, 10.97957635437959], [106.72858337469198, 10.979581721131204], [106.72860308054926, 10.979672058522356], [106.72922411055083, 10.979670061555476], [106.72924381660746, 10.979760398887379], [106.72986484667415, 10.979758400597666], [106.72988455293016, 10.979848737870315], [106.73050558306187, 10.979846738257743], [106.73052528951725, 10.979937075471124], [106.73114631971393, 10.979935074535677], [106.73116602636867, 10.980025411689775], [106.73178705663022, 10.98002340943143], [106.73180676348431, 10.980113746526232], [106.73242779381069, 10.980111742944972], [106.73244750086415, 10.980202079980472], [106.73316002247535, 10.980199779603415], [106.73317972975542, 10.980290116571275], [106.73380076019342, 10.980288110157536], [106.73382046767287, 10.980378447066062], [106.73444149817543, 10.98037643932934], [106.73446120585423, 10.980466776178526], [106.73509027557103, 10.980464741103512], [106.7350957054061, 10.980387883050078], [106.73518713305715, 10.980368410313007], [106.73518659728052, 10.980206787771836], [106.73527235895762, 10.980192950121898], [106.73529146746168, 10.980102487710866], [106.73536921629879, 10.980096619284527], [106.73536868043675, 10.979934996749364], [106.73545444202348, 10.9799211590554], [106.73547355046095, 10.979830696637654], [106.73555129921971, 10.979824828171164], [106.73555076327224, 10.979663205642014], [106.7356421906626, 10.979643732789208], [106.73564165467477, 10.979482110262579], [106.73572741611314, 10.979468272503702], [106.7357465244491, 10.979377810075887], [106.73582427307858, 10.979371941550223], [106.73582373700533, 10.979210319029606], [106.73591516423382, 10.979190846107844], [106.73591462812021, 10.97902922358975], [106.73600605528566, 10.979009750645803], [106.73600551913171, 10.97884812813023], [106.73609694623411, 10.97882865516409], [106.7360964100398, 10.978667032651039], [106.73618783707917, 10.978647559662713], [106.7361873008445, 10.978485937152186], [106.73627872782083, 10.978466464141675], [106.73627819154582, 10.978304841633669], [106.73636961845911, 10.978285368600973], [106.73636878217258, 10.978033346519046], [106.73646020899557, 10.97801387346655], [106.73645967264456, 10.97785225096262], [106.73655109940451, 10.97783277788794], [106.73655026299947, 10.977580755812369], [106.73664168966914, 10.97756128271789], [106.7366408532085, 10.977309260644743], [106.73673227978787, 10.97728978753047], [106.73674512178522, 10.97702416105224], [106.73682286976074, 10.977018292325674], [106.73682203318891, 10.976766270257368], [106.73691345958774, 10.976746797103505], [106.73691232286951, 10.97640437546639], [106.7370037491508, 10.976384902295123], [106.737002612367, 10.976042480659242], [106.73709403853077, 10.976023007470575], [106.7370928753101, 10.975672642609537], [106.73700132193197, 10.975653762498144], [106.73700078540497, 10.975492139995673], [106.73692300054593, 10.975486775314144], [106.73690899567804, 10.975402036919963], [106.7368312108423, 10.975396672212764], [106.73681720600672, 10.97531193381123], [106.73673942119426, 10.975306569078366], [106.73672541639101, 10.975221830669481], [106.73663386316778, 10.975202950432992], [106.7366333268631, 10.975041327907784], [106.73654177369987, 10.975022447638054], [106.73654153738903, 10.974951224696955], [106.73644998425745, 10.97493234439661], [106.73644974797058, 10.974861121453113], [106.7363719632751, 10.974855756615424], [106.73635795860773, 10.974771018176257], [106.73628017393555, 10.9747656533129], [106.73626616930049, 10.974680914866386], [106.73617461626382, 10.974662034474186], [106.73616867699776, 10.974585213218413], [106.736005106012, 10.974585742814597], [106.73599110146725, 10.97450100434692], [106.73591331686445, 10.974495639383065], [106.73589931235202, 10.974410900908039], [106.73580775941352, 10.974392020395989], [106.73580182025322, 10.974315199123044], [106.73563824939784, 10.974315728509366], [106.73561854194155, 10.97422539169617], [106.7354549711265, 10.974225920979796], [106.73543526373322, 10.974135584148874], [106.73527169295852, 10.974136113329807], [106.73525198562827, 10.974045776481164], [106.73507464658337, 10.974032789999086], [106.73507323912933, 10.973607911704985], [106.73516466473632, 10.973588439146463], [106.73516021004963, 10.972243677973813], [106.73498289839227, 10.972238634576648], [106.73498106132142, 10.973400288402061], [106.73488963575429, 10.973419760901738], [106.73487769015769, 10.973956586420826], [106.7343562013891, 10.973958272243586], [106.73433649434834, 10.97386793530957], [106.73379892770097, 10.973869672124584], [106.73377981896704, 10.973960134482969], [106.73315880174314, 10.973962139712736], [106.73313969280743, 10.974052602047754], [106.73279314329514, 10.97405372047329], [106.73277403424271, 10.974144182794948], [106.73251897396005, 10.974145005694188], [106.73249986481927, 10.974235468005816], [106.73233629384482, 10.974235995615192], [106.73231718464405, 10.974326457920128], [106.73206212416996, 10.974327280450305], [106.73204301488083, 10.974417742745207], [106.73187944378361, 10.974418270117905], [106.73186033443447, 10.974508732406111], [106.73169676327822, 10.974509259685016], [106.73167765386908, 10.974599721966527], [106.7315140826538, 10.974600249151646], [106.73150865186022, 10.974677107240769], [106.73142289148299, 10.974690943713032], [106.73142012095593, 10.97470405908569], [106.73141725180548, 10.974704521990372], [106.73141585884622, 10.974724235445928], [106.73140378198221, 10.974781405984487], [106.7312402106535, 10.974781933031142], [106.73123477978952, 10.974858791120873], [106.73114901934106, 10.974872627521457], [106.73114624880071, 10.974885742892658], [106.73114337964788, 10.97488620579494], [106.73114198667056, 10.97490591925065], [106.73112990974862, 10.974963089782854], [106.73096633830652, 10.974963616691044], [106.73096090737212, 10.975040474781371], [106.73087514685244, 10.975054311110277], [106.73086971589474, 10.9751311692007], [106.73087424135471, 10.975067125578134], [106.7308695071436, 10.975067889379904], [106.73086498168261, 10.975131933002489], [106.73078395534277, 10.97514500550646], [106.73078118478455, 10.975158120875715], [106.73077831562824, 10.975158583774828], [106.7307769226269, 10.975178297230716], [106.73076484562704, 10.975235467754436], [106.73060127401713, 10.975235994479476], [106.73059584298902, 10.975312852570505], [106.73051008236583, 10.975326688804577], [106.73050465131442, 10.9754035468957], [106.73050917685246, 10.975339503272549], [106.73050444263563, 10.975340267069086], [106.73049991709657, 10.97540431069225], [106.73041889065891, 10.975417383106624], [106.73041345958418, 10.975494241197847], [106.73041798514166, 10.975430197574614], [106.73041325092305, 10.975430961369876], [106.73040872536455, 10.97549500499312], [106.73032769889637, 10.975508077385626], [106.73032226779836, 10.975584935476942], [106.73032679337526, 10.975520891853629], [106.73032205915484, 10.975521655647611], [106.73031753357694, 10.975585699270939], [106.73023650707825, 10.975598771641575], [106.7302310759569, 10.975675629732988], [106.73023560155322, 10.975611586109594], [106.73023086733104, 10.975612349902297], [106.7302263417337, 10.975676393525701], [106.7301453152045, 10.975689465874467], [106.73013988405985, 10.975766323965976], [106.73014440967557, 10.975702280342507], [106.73013967545161, 10.975703044133933], [106.73013514983487, 10.97576708775742], [106.73005412327512, 10.97578016008431], [106.73004869210718, 10.975857018175915], [106.73005321774234, 10.975792974552364], [106.73004848351658, 10.975793738342515], [106.7300439578804, 10.975857781966079], [106.72996293129016, 10.975870854271104], [106.7299601606911, 10.975883969635976], [106.72995729152593, 10.975884432528044], [106.72995589847066, 10.975904145984234], [106.72994382129284, 10.97596131648885], [106.72986607330073, 10.975967183446976], [106.72986660597333, 10.976128806292058], [106.72978084506602, 10.976142642343191], [106.72977541382862, 10.976219500434777]]], [[[106.72977541382862, 10.976219500434777], [106.72977680689557, 10.976199786978652], [106.72977254465981, 10.976219963325397], [106.72977541382862, 10.976219500434777]]], [[[106.73059584298902, 10.975312852570505], [106.73059723600231, 10.975293139114525], [106.73059297383081, 10.975313315468018], [106.73059584298902, 10.975312852570505]]], [[[106.73096090737212, 10.975040474781371], [106.73096230036136, 10.97502076132557], [106.73095803821738, 10.975040937682058], [106.73096090737212, 10.975040474781371]]], [[[106.73123477978952, 10.974858791120873], [106.7312361727607, 10.974839077665223], [106.73123191063715, 10.974859254023954], [106.73123477978952, 10.974858791120873]]], [[[106.73150865186022, 10.974677107240769], [106.73151004481335, 10.974657393785277], [106.73150578271024, 10.974677570146248], [106.73150865186022, 10.974677107240769]]], [[[106.7341525740495, 10.971866155590478], [106.7345048501294, 10.971878577417833], [106.73451831907356, 10.971801693352772], [106.73416604308584, 10.971789271533105], [106.7341525740495, 10.971866155590478]]], [[[106.72328411613184, 10.97073968110561], [106.72317458589647, 10.970772332568941], [106.72315669182244, 10.970830229570534], [106.72295479080945, 10.970830874418382], [106.72280931822377, 10.970866023768785], [106.72279103300357, 10.970921798274784], [106.72255412800348, 10.970922554629206], [106.72235485906579, 10.970965816732901], [106.72233388523563, 10.971013658564344], [106.7221688714205, 10.971050025953396], [106.72215120330594, 10.971104642496918], [106.72201070173695, 10.971105470965957], [106.72189471644273, 10.971146128542555], [106.72187703250087, 10.971195918202104], [106.72179928540659, 10.971201783009379], [106.72179954405709, 10.971280949548298], [106.72187732787664, 10.971286318212263], [106.72189132822419, 10.971371057705452], [106.72196911206706, 10.971376426343792], [106.72198311244688, 10.97146116582967], [106.72206089631308, 10.97146653444239], [106.72207489672516, 10.971551273920962], [106.72215268061467, 10.971556642508054], [106.72216668105902, 10.971641381979316], [106.72224446497187, 10.971646750540781], [106.72225846544849, 10.971731490004734], [106.72233624938464, 10.971736858540574], [106.72235024989354, 10.97182159799722], [106.722428033853, 10.971826966507434], [106.72244203439419, 10.97191170595677], [106.72251981837698, 10.971917074441354], [106.72253381895044, 10.972001813883377], [106.72261160295653, 10.972007182342335], [106.72262560356228, 10.97209192177705], [106.72270338759168, 10.972097290210383], [106.72271738822971, 10.972182029637787], [106.72279517228245, 10.97218739804549], [106.72280917295272, 10.972272137465584], [106.72288695702878, 10.972277505847657], [106.72290095773134, 10.97236224526044], [106.72297874183072, 10.972367613616884], [106.72299274256557, 10.972452353022357], [106.72307052668825, 10.972457721353173], [106.72308452745537, 10.972542460751333], [106.72316231160137, 10.972547829056518], [106.72317631240078, 10.972632568447366], [106.72325409657009, 10.972637936726919], [106.72326809740179, 10.972722676110457], [106.72334588159443, 10.97272804436438], [106.72335988245838, 10.972812783740604], [106.72345143444112, 10.972831668106734], [106.72345196347206, 10.972993291295417], [106.72352974773511, 10.972998659495946], [106.72354374867024, 10.973083398856666], [106.72363530074463, 10.973102283159065], [106.7236412367304, 10.973179104947928], [106.72372135721393, 10.973178848836003], [106.72374046903451, 10.973088386845385], [106.72445297545902, 10.973086108304283], [106.7244720870495, 10.972995646286778], [106.72518459309613, 10.97299336605351], [106.72520370445652, 10.972902904009127], [106.72591621012512, 10.972900622083722], [106.7259353212554, 10.972810160012477], [106.72664782654589, 10.972807876394969], [106.72666693744607, 10.972717414296877], [106.72737944235831, 10.972715128987293], [106.72739855302841, 10.972624666862375], [106.72811105756226, 10.972622379860747], [106.72813016800225, 10.972531917709013], [106.72884267215763, 10.97252962901537], [106.72886178236753, 10.972439166836839], [106.72957428614431, 10.972436876451212], [106.72959339612412, 10.972346414245898], [106.73030589952216, 10.972344122168321], [106.73032500927187, 10.97225365993624], [106.73112900112129, 10.972251071514929], [106.73114811061255, 10.972160609252755], [106.73186061323247, 10.97215831357746], [106.73187972249366, 10.972067851288552], [106.73259222473447, 10.972065553921398], [106.73261133376558, 10.971975091605774], [106.73332383562717, 10.971972792546794], [106.73334294442817, 10.971882330204465], [106.7337809799963, 10.971880915933601], [106.73380008865226, 10.971790453574584], [106.7339636582096, 10.971789925295372], [106.73398276680558, 10.971699462929676], [106.73414633630388, 10.97169893455671], [106.73416544483987, 10.971608472184332], [106.73432901427914, 10.971607943717618], [106.7343341188979, 10.971432742724522], [106.73427628598827, 10.971428753461801], [106.73425570959088, 10.971424509918808], [106.7342366283199, 10.971337040291964], [106.73370710513693, 10.971338750577962], [106.73368739853372, 10.971248413554614], [106.73288341001357, 10.971251008493553], [106.73286370366405, 10.971160671394276], [106.73123631885746, 10.971165917272508], [106.73121661300675, 10.971075580022505], [106.72958922785942, 10.971080817063115], [106.72956952250757, 10.970990479662465], [106.72794213702088, 10.970995707865582], [106.72792243216789, 10.970905370314366], [106.72638653489125, 10.970910296487858], [106.72636683050989, 10.970819958794443], [106.72473944439481, 10.970825169811471], [106.72471974051231, 10.970734831967635], [106.72328411613184, 10.97073968110561]]], [[[106.72328411613184, 10.97073968110561], [106.72471170191727, 10.970734859138593], [106.72471170160055, 10.970734857686558], [106.72328945375567, 10.970738792839196], [106.72352165568432, 10.970676090610791], [106.72348400000004, 10.970686000000056], [106.72341200000005, 10.970705000000065], [106.72338300000007, 10.970713000000046], [106.72329700000006, 10.970736000000043], [106.72328411613184, 10.97073968110561]]], [[[106.73433388900476, 10.971440633126829], [106.7343337360514, 10.971445882799056], [106.73433414518509, 10.971440685959738], [106.73433388900476, 10.971440633126829]]], [[[106.72800906641828, 10.967255790657441], [106.72800480413513, 10.967275966990384], [106.72800767322308, 10.967275504123334], [106.72800906641828, 10.967255790657441]]], [[[106.72791174883747, 10.96736696132282], [106.72791648293939, 10.967366197576537], [106.72792100906845, 10.967302153921185], [106.72791627496754, 10.967302917667451], [106.72791174883747, 10.96736696132282]]], [[[106.72782055849643, 10.967457654751705], [106.72782529260013, 10.9674568910067], [106.72782981874859, 10.967392847351267], [106.72782508464593, 10.96739361109626], [106.72782055849643, 10.967457654751705]]], [[[106.72773389426872, 10.96748430450202], [106.72773250105544, 10.967504017968029], [106.7277367633593, 10.967483841637323], [106.72773389426872, 10.96748430450202]]], [[[106.72755142424745, 10.96763857128098], [106.72755281747264, 10.96761885781489], [106.72754855515495, 10.967639034144085], [106.72755142424745, 10.96763857128098]]], [[[106.72745549960169, 10.967730028356806], [106.7274602337111, 10.96772926461703], [106.72746475993762, 10.967665220961036], [106.72746002582923, 10.967665984700798], [106.72745549960169, 10.967730028356806]]], [[[106.72736744201764, 10.967776391478628], [106.72737170434897, 10.967756215150919], [106.72736883525495, 10.96775667801245], [106.72736744201764, 10.967776391478628]]], [[[106.72718636487048, 10.967910944600694], [106.72718775811971, 10.967891231134432], [106.72718349577453, 10.96791140746063], [106.72718636487048, 10.967910944600694]]], [[[106.72709517413702, 10.968001637842626], [106.7270997004416, 10.967937594186077], [106.72709496632751, 10.9679383579206], [106.72709044002191, 10.96800240157717], [106.72709517413702, 10.968001637842626]]], [[[106.72636619579673, 10.968557129065687], [106.72631000000007, 10.968642000000045], [106.7263024772602, 10.96865340984252], [106.72636534959999, 10.968636783044166], [106.72636619579673, 10.968557129065687]]], [[[106.72636619579673, 10.968557129065687], [106.72645624406141, 10.96845569008581], [106.7264824051166, 10.96838162121827], [106.72636619579673, 10.968557129065687]]], [[[106.7264824051166, 10.96838162121827], [106.7265474351335, 10.968364997009088], [106.7265472013618, 10.968293773822749], [106.72671643523354, 10.968287614653637], [106.7267164817919, 10.968287394265932], [106.72654792780791, 10.968283289727372], [106.72663832941078, 10.968183904009878], [106.72666249485562, 10.968109836599087], [106.72660200000007, 10.96820100000002], [106.7264824051166, 10.96838162121827]]], [[[106.72666249485562, 10.968109836599087], [106.72672952034652, 10.968093210888986], [106.726730350477, 10.968007580734417], [106.72666249485562, 10.968109836599087]]], [[[106.726730350477, 10.968007580734417], [106.7268204144397, 10.967912117848925], [106.7268428447093, 10.967838055990063], [106.726730350477, 10.968007580734417]]], [[[106.7268428447093, 10.967838055990063], [106.7269116052391, 10.967821424683864], [106.7269124267987, 10.967733198185625], [106.7268428447093, 10.967838055990063]]], [[[106.7269124267987, 10.967733198185625], [106.72700249914817, 10.967640331602956], [106.72702226934165, 10.96756631094932], [106.72696100000007, 10.967660000000022], [106.7269124267987, 10.967733198185625]]], [[[106.72702226934165, 10.96756631094932], [106.72709368981124, 10.967549638393734], [106.72709446922782, 10.967455907543055], [106.72702226934165, 10.96756631094932]]], [[[106.72700664465363, 10.968028588279775], [106.72700377555611, 10.968029051138133], [106.72700238229478, 10.968048764604482], [106.72700664465363, 10.968028588279775]]], [[[106.72682269808172, 10.968163604069213], [106.72681843570906, 10.968183780392412], [106.72682130480847, 10.96818331753565], [106.72682269808172, 10.968163604069213]]], [[[106.72673277524063, 10.968210267899677], [106.72672990614075, 10.968210730755636], [106.72672851286137, 10.968230444222137], [106.72673277524063, 10.968210267899677]]], [[[106.72612328923702, 10.968925186477312], [106.72618326374602, 10.96890856899421], [106.7261841161354, 10.96883292965005], [106.72612328923702, 10.968925186477312]]], [[[106.72600204431964, 10.96910907978763], [106.72594410089897, 10.96919696303004], [106.72600117757156, 10.96918035485921], [106.72600204431964, 10.96910907978763]]], [[[106.72576491224602, 10.969468739500698], [106.72581909107659, 10.969452140639163], [106.72581997217875, 10.969385229840473], [106.72576491224602, 10.969468739500698]]], [[[106.72563789971278, 10.969661379808578], [106.72558572327816, 10.969740515889274], [106.72563700426113, 10.969723926334053], [106.72563789971278, 10.969661379808578]]], [[[106.72540997033957, 10.970012375058364], [106.72545491712513, 10.96999571194388], [106.72547195474225, 10.969913072568719], [106.72541400000006, 10.970006000000067], [106.72540997033957, 10.970012375058364]]], [[[106.72547195474225, 10.969913072568719], [106.72558572324462, 10.969740515940135], [106.72547200000008, 10.969913000000078], [106.72547195474225, 10.969913072568719]]], [[[106.72501242852498, 10.97037229191352], [106.72508918784862, 10.970372046260358], [106.72515800000008, 10.970411000000068], [106.72512800000004, 10.97039300000006], [106.72509600000006, 10.970375000000045], [106.72499546849942, 10.9703143908091], [106.72501242852498, 10.97037229191352]]], [[[106.72515800000008, 10.970411000000068], [106.72527282966861, 10.970267497468626], [106.72529545414844, 10.97019354339385], [106.72515800000008, 10.970411000000068]]], [[[106.72529545414844, 10.97019354339385], [106.72536402163959, 10.970176804678145], [106.72536474972546, 10.970083915568535], [106.72529545414844, 10.97019354339385]]], [[[106.724421052265, 10.970645386527828], [106.72443693983466, 10.970645335714007], [106.72447824412778, 10.970557692346178], [106.724421052265, 10.970645386527828]]], [[[106.72447824412778, 10.970557692346178], [106.72454181103647, 10.970541039256748], [106.72454260911566, 10.970458058657682], [106.72450900000007, 10.970510000000045], [106.72449500000005, 10.970532000000047], [106.72447824412778, 10.970557692346178]]], [[[106.72454260911566, 10.970458058657682], [106.72463270713604, 10.970359946719638], [106.72465443952184, 10.970285926070273], [106.72464200000007, 10.970305000000051], [106.72459800000009, 10.970373000000048], [106.72455300000007, 10.970442000000048], [106.72454260911566, 10.970458058657682]]], [[[106.72465443952184, 10.970285926070273], [106.72480170891544, 10.970282565296406], [106.72482362981371, 10.97021079126332], [106.72481900000008, 10.970208000000069], [106.72477200000009, 10.970274000000073], [106.72469200000008, 10.970230000000074], [106.72469100000006, 10.970230000000074], [106.72468700000007, 10.970236000000057], [106.72465443952184, 10.970285926070273]]], [[[106.72431850912368, 10.970573178558642], [106.72437289787104, 10.970645540536806], [106.72441785511488, 10.970645396753296], [106.72432100000009, 10.970573000000057], [106.72431850912368, 10.970573178558642]]]]}}, {"type": "Feature", "properties": {"name": "Khu phố Bình Chuẩn 5", "code": "KPBC5", "area_ha": 160.25, "ward_area_ha": 1669.11}, "geometry": {"type": "MultiPolygon", "coordinates": [[[[106.73537731733893, 10.980825414310257], [106.73554089178884, 10.980824884754197], [106.73555489666495, 10.980909623193304], [106.73563268295834, 10.980914988101748], [106.73564668786678, 10.980999726533506], [106.73573824287205, 10.981018606910599], [106.73574418230365, 10.98109542814136], [106.73590775688403, 10.981094898375323], [106.73592176188284, 10.981179636785912], [106.73599954824566, 10.981185001593799], [106.73601355327679, 10.981269739997037], [106.7360913396629, 10.98127510477925], [106.73610534472637, 10.981359843175136], [106.73618313113582, 10.981365207931669], [106.73619713623162, 10.981449946320199], [106.73628869139846, 10.981468826516112], [106.73629463099074, 10.981545647720798], [106.7364582057917, 10.981545117637536], [106.73647221097787, 10.981629856004897], [106.73654999745675, 10.981635220660872], [106.73656400267524, 10.98171995902088], [106.73664178917744, 10.98172532365117], [106.73665579442826, 10.981810062003824], [106.73673358095377, 10.981815426608433], [106.73674758623693, 10.981900164953737], [106.73682537278573, 10.981905529532664], [106.73683937810124, 10.981990267870612], [106.73691716467336, 10.981995632423857], [106.73693117002118, 10.982080370754451], [106.73700895661662, 10.982085735282016], [106.73702296199679, 10.982170473605256], [106.73710074861553, 10.982175838107135], [106.73711475402803, 10.98226057642302], [106.7371925406701, 10.98226594089922], [106.73720654611492, 10.982350679207752], [106.7372843327803, 10.982356043658262], [106.73729833825747, 10.982440781959436], [106.73738989377584, 10.982459661790317], [106.73739583369351, 10.982536482942207], [106.73755940898538, 10.982535952219953], [106.73757341455294, 10.982620690499946], [106.73765120128773, 10.982626054849884], [106.73766520688763, 10.982710793122521], [106.73774299364574, 10.982716157446768], [106.73775699927798, 10.982800895712055], [106.73784855492625, 10.982819775392338], [106.7378490922814, 10.982981397775713], [106.73792687910995, 10.982986762046433], [106.7379408848135, 10.983071500296115], [106.73801867166536, 10.98307686454114], [106.73803267740124, 10.983161602783465], [106.73811046427642, 10.98316696700281], [106.73812447004465, 10.983251705237773], [106.73820225694314, 10.983257069431428], [106.73821626274369, 10.983341807659034], [106.7382940496655, 10.983347171827], [106.73830805549841, 10.983431910047251], [106.73838584244352, 10.98343727418953], [106.73839984830877, 10.98352201240242], [106.73847763527719, 10.983527376519005], [106.73849164117479, 10.983612114724538], [106.73856942816653, 10.983617478815436], [106.73858343409647, 10.983702217013612], [106.73866122111151, 10.98370758107882], [106.7386752270738, 10.983792319269636], [106.73875301411215, 10.983797683309152], [106.73876702010678, 10.983882421492606], [106.73885857613169, 10.983901300833177], [106.73885911409049, 10.98406292315563], [106.73893690119928, 10.984068287141604], [106.73895090726525, 10.984153025309451], [106.73902869439735, 10.984158389269734], [106.73904270049566, 10.984243127430219], [106.73912048765109, 10.984248491364806], [106.73913449378173, 10.984333229517933], [106.73921228096047, 10.98433859342683], [106.73922628712346, 10.984423331572595], [106.73931784333507, 10.984442210757294], [106.73931838157084, 10.98460383305151], [106.73939616882002, 10.98460919690686], [106.73941017505436, 10.98469393503701], [106.73948796232685, 10.984699298866664], [106.73950196859353, 10.984784036989456], [106.73959352492851, 10.984802916079573], [106.73959406333236, 10.984964538356454], [106.73967185067531, 10.984969902132555], [106.73968585701333, 10.985054640239733], [106.73976364437956, 10.985060003990133], [106.73977765074994, 10.985144742089952], [106.7398692072083, 10.985163621085489], [106.73986974578024, 10.985325243345025], [106.73994753321695, 10.985330607041872], [106.73996153965867, 10.985415345126075], [106.74003932711868, 10.985420708797225], [106.74005333359274, 10.985505446874065], [106.74014489017446, 10.985524325775007], [106.74014542891453, 10.985685948017197], [106.74022321644499, 10.985691311634787], [106.7402372229904, 10.985776049696012], [106.74032877966386, 10.985794928533016], [106.74032931851755, 10.985956550763317], [106.74040710611847, 10.985961914327344], [106.74042111273523, 10.986046652372949], [106.7405126695004, 10.986065531146014], [106.74051320846776, 10.986227153364423], [106.7405909961391, 10.986232516874882], [106.74060500282724, 10.986317254904868], [106.7406827905219, 10.986322618389629], [106.74071889675193, 10.986363402418132], [106.74087980111932, 10.986412377223001], [106.74104906371166, 10.986411825923904], [106.74106736284814, 10.986468246549498], [106.74118524074268, 10.986501782695855], [106.7413238441528, 10.986501331119992], [106.74134261170437, 10.986542758557414], [106.7415944627614, 10.98659068337248], [106.7417816106406, 10.986590239610411], [106.74180017947042, 10.986635911852241], [106.74188725125289, 10.986655036238517], [106.7422469747461, 10.986679122609846], [106.74239443851481, 10.98663268859398], [106.74226400000003, 10.986189000000023], [106.74226400000003, 10.986187000000033], [106.74224600000008, 10.986132000000055], [106.74189900000005, 10.985071000000062], [106.74188800000007, 10.985036000000036], [106.74170400000008, 10.984474000000032], [106.74162200000006, 10.984218000000054], [106.74162197871034, 10.984217937754604], [106.74072700000005, 10.981628000000056], [106.74056900000005, 10.980879000000071], [106.74056000000007, 10.980468000000027], [106.74104700000005, 10.978076000000042], [106.74145821590976, 10.97809849984229], [106.74146700000007, 10.978099000000043], [106.74146726423741, 10.97809899491883], [106.74209100000007, 10.978087000000073], [106.74209114382472, 10.978086991255065], [106.74330800000007, 10.978013000000034], [106.74482300000005, 10.977897000000041], [106.74497400000007, 10.977886000000066], [106.7449741876861, 10.97788597599051], [106.74561500000004, 10.977804000000049], [106.74574700000005, 10.977787000000033], [106.74645800000008, 10.977696000000037], [106.74675900000005, 10.97765700000002], [106.74675906565136, 10.977656990213353], [106.74816100000004, 10.977448000000036], [106.74818600000003, 10.977444000000046], [106.74919500000004, 10.977284000000054], [106.74925500000006, 10.977274000000023], [106.74990484534567, 10.977173024031135], [106.74994845898205, 10.977166314003473], [106.74995700000007, 10.977165000000069], [106.74988700000006, 10.977102000000059], [106.74980600000004, 10.977029000000071], [106.74970700000006, 10.976782000000071], [106.74967285516985, 10.976299116684872], [106.74967200000005, 10.976283000000024], [106.74967102887035, 10.976273288703165], [106.74960000000004, 10.97589700000003], [106.74957900000004, 10.975590000000066], [106.74952104555273, 10.975122367563593], [106.74952100000007, 10.975122000000056], [106.74949600000008, 10.975017000000038], [106.74949000000004, 10.974994000000034], [106.74947800000007, 10.974982000000066], [106.74942100000004, 10.974390000000028], [106.74944900000008, 10.973662000000045], [106.74949500000008, 10.973493000000074], [106.74956181403292, 10.97324568835666], [106.74956200000008, 10.973245000000075], [106.74956700000007, 10.973148000000037], [106.74957400000007, 10.972996000000023], [106.749573851483, 10.972995224626622], [106.74949700000008, 10.97259400000007], [106.74949671406686, 10.972593332822619], [106.74948388753138, 10.972560247278969], [106.74929800000008, 10.972044000000038], [106.74919700000004, 10.971799000000033], [106.74906200000005, 10.971472000000063], [106.74901392893766, 10.971258180220559], [106.74901300000006, 10.971254000000044], [106.74901245104117, 10.971251606540342], [106.74893700000007, 10.970916000000045], [106.74895000000004, 10.970864000000065], [106.74905781977846, 10.970823901738285], [106.74906160609737, 10.97075199927961], [106.74889233467202, 10.970746937560802], [106.74887832678613, 10.970662199969313], [106.74880054325526, 10.970656838228242], [106.74878653540169, 10.970572100629372], [106.74870875189407, 10.970566738862615], [106.74869474407285, 10.970482001256364], [106.74861696058848, 10.970476639463925], [106.74860295279957, 10.97039190185029], [106.74852516933846, 10.970386540032168], [106.74851116158187, 10.970301802411148], [106.74843337814403, 10.970296440567344], [106.74841937041977, 10.970211702938949], [106.74834158700519, 10.97020634106946], [106.74832757931325, 10.970121603433682], [106.74824979592192, 10.970116241538511], [106.74823578826232, 10.970031503895349], [106.74815800489425, 10.970026141974497], [106.74814399726695, 10.969941404323961], [106.74806621392213, 10.969936042377425], [106.74805220632719, 10.969851304719509], [106.74797442300563, 10.96984594274729], [106.74796041544299, 10.969761205081992], [106.74788263214468, 10.969755843084096], [106.74786862461437, 10.96967110541142], [106.74777707272331, 10.969652228430554], [106.74777653064316, 10.969490606394379], [106.74769874741517, 10.969485244342941], [106.74768473995616, 10.969400506654617], [106.74760695675141, 10.969395144577499], [106.74759294932471, 10.969310406881798], [106.74751516614323, 10.969305044778995], [106.74750115874885, 10.96922030707592], [106.74742337559063, 10.969214944947439], [106.74740936822856, 10.969130207236985], [106.7473315850936, 10.969124845082826], [106.74731757776385, 10.969040107364993], [106.74723979465215, 10.969034745185162], [106.74722578735472, 10.968950007459952], [106.74714800426628, 10.968944645254439], [106.74713399700117, 10.968859907521853], [106.74705621393598, 10.968854545290661], [106.74704220670318, 10.9687698075507], [106.74695065512483, 10.968750930291458], [106.74695011353923, 10.968589308204914], [106.74687233054433, 10.968583945920187], [106.7468526202755, 10.96849361006469], [106.74658952712915, 10.96849447061926], [106.74657042255714, 10.968584933442724], [106.74604090625485, 10.968586664735785], [106.74602180150951, 10.968677127539442], [106.74558377228534, 10.968678558997063], [106.74556466739502, 10.968769021784203], [106.74512663797445, 10.968770452596594], [106.74510753293913, 10.968860915367209], [106.74457801590928, 10.968862644161371], [106.74455891070062, 10.968953106912156], [106.74421236832862, 10.968954237810346], [106.7441932630033, 10.969044700547899], [106.74393820797565, 10.969045532627215], [106.74391910256203, 10.969135995354838], [106.74357255990944, 10.969137125544057], [106.74355345437918, 10.969227588258441], [106.74329839914503, 10.969228419815945], [106.74327929352646, 10.969318882520398], [106.74293275059334, 10.96932001200062], [106.74291364485813, 10.969410474691829], [106.74265858941752, 10.969411305727501], [106.742639483594, 10.96950176840877], [106.74238442805384, 10.9695025992218], [106.74236532214202, 10.969593061893123], [106.74211026650232, 10.969593892483504], [106.7420911605022, 10.969684355144887], [106.7419275925052, 10.96968488768671], [106.74190848644511, 10.96977535034146], [106.74165343061372, 10.96977618056308], [106.74163432446532, 10.969866643207881], [106.74128778072077, 10.969867770873005], [106.74126867445572, 10.969958233504546], [106.74092213056599, 10.969959360763117], [106.74090302418429, 10.97004982338139], [106.74000755275243, 10.970052734365746], [106.73998844608396, 10.970143196950849], [106.7394589259474, 10.970144917048605], [106.73943981910557, 10.97023537961379], [106.73917909703108, 10.970241842966136], [106.73917963447852, 10.970403465417546], [106.73908821020223, 10.970422939077515], [106.73908874760937, 10.970584561531467], [106.7389973232701, 10.970604035169286], [106.73899816120357, 10.970856057173298], [106.73890673677406, 10.97087553079136], [106.73890757465203, 10.971127552797808], [106.73881615013228, 10.97114702639611], [106.73881788955092, 10.971670247049572], [106.73872646485921, 10.971689720635277], [106.73872760316556, 10.972032142190036], [106.73863617835639, 10.972051615758371], [106.73863701609714, 10.972303637766078], [106.73854559119773, 10.972323111314642], [106.73854612840542, 10.972484733775062], [106.73845470344301, 10.972504207301471], [106.7384555410654, 10.972756229315566], [106.73836411601273, 10.972775702822206], [106.73836495357962, 10.973027724838737], [106.73827352843671, 10.973047198325606], [106.73827436594807, 10.973299220344575], [106.73818294071489, 10.97331869381167], [106.73818377817072, 10.973570715833072], [106.7380923528473, 10.973590189280394], [106.7380931902476, 10.973842211304229], [106.73800176483392, 10.97386168473178], [106.73800230182323, 10.974023307202536], [106.73791087634655, 10.97404278060792], [106.73791171362843, 10.974294802638138], [106.7378202880615, 10.974314276023744], [106.73782112528782, 10.974566298056391], [106.73772969963062, 10.974585771422218], [106.73773053680141, 10.974837793457297], [106.73763911105394, 10.974857266803344], [106.73763964789606, 10.975018889281312], [106.73754822208558, 10.975038362605192], [106.73754875888739, 10.975199985085688], [106.7374629987933, 10.975213823247394], [106.73745756954997, 10.97529068130751], [106.73737180942358, 10.97530451944609], [106.73736638015696, 10.975381377506315], [106.7373709042078, 10.97531733390891], [106.7373661700184, 10.975318097810579], [106.73736164596654, 10.975382141408002], [106.73728061999826, 10.975395215621766], [106.73727784973053, 10.975408331025346], [106.7372749805874, 10.975408793985004], [106.73727358801979, 10.97542850743315], [106.73726151228625, 10.975485678106493], [106.73718376472752, 10.975491546910147], [106.73718379110079, 10.975499490136409], [106.73717904399248, 10.975654289191327], [106.73718430135395, 10.975653169403671], [106.7370928753101, 10.975672642609537], [106.7370940121586, 10.976015064244361], [106.73700258599723, 10.976034537432826], [106.73700372278017, 10.976376959068887], [106.73691229650127, 10.976396432239948], [106.73691343321862, 10.976738853877244], [106.7368220068222, 10.976758327030897], [106.73682284339338, 10.977010349099334], [106.73673141690668, 10.97702982223319], [106.73673225342226, 10.97728184430405], [106.73664082684527, 10.977301317418117], [106.73664166330528, 10.977553339491397], [106.736550236638, 10.977572812585667], [106.7365510730424, 10.977824834661371], [106.73645964628484, 10.97784430773584], [106.73646018263545, 10.978005930239854], [106.73636875581484, 10.97802540329214], [106.73636959210073, 10.978277425374204], [106.73627816518983, 10.978296898406692], [106.73627870146444, 10.97845852091478], [106.7361872744905, 10.978477993925083], [106.73618781072476, 10.978639616435695], [106.7360963836878, 10.978659089423811], [106.73609691988169, 10.978820711936947], [106.73600549278167, 10.978840184902879], [106.73600602893522, 10.979001807418538], [106.73591460177217, 10.979021280362273], [106.73591513788536, 10.979182902880456], [106.73582371065928, 10.979202375802005], [106.7358242467321, 10.97936399832271], [106.73573848533032, 10.979377836105964], [106.73571937699188, 10.979468298533485], [106.73564162833291, 10.979474167034684], [106.73564216432032, 10.979635789561401], [106.73555073693237, 10.979655262413997], [106.73555127287942, 10.979816884943233], [106.73546551132927, 10.979830722661582], [106.73544640288931, 10.979921185079034], [106.73536865410107, 10.979927053521049], [106.7353691899627, 10.980088676056297], [106.73528342832219, 10.980102513730623], [106.73526431981564, 10.98019297614136], [106.73518657094904, 10.980198844543226], [106.73518710672526, 10.980360467084484], [106.7351013449944, 10.980374304714774], [106.73508223642126, 10.980464767118804], [106.73500448747629, 10.980470635480513], [106.73501045302356, 10.980555399974525], [106.735174027343, 10.980554870628438], [106.73518803209642, 10.980639609096054], [106.73526581832039, 10.980644974105047], [106.73527982310613, 10.980729712565317], [106.73537137801314, 10.98074859306232], [106.73537731733893, 10.980825414310257]]], [[[106.7370928753101, 10.975672642609537], [106.7371273956601, 10.9756652899829], [106.73704599683569, 10.975662975347792], [106.7370928753101, 10.975672642609537]]], [[[106.73745756954997, 10.97529068130751], [106.73745896210548, 10.975270967859455], [106.73745470040839, 10.975291144268741], [106.73745756954997, 10.97529068130751]]], [[[106.74889233467202, 10.970746937560802], [106.74904932991895, 10.970751632188563], [106.74904786405241, 10.970746427590237], [106.74889233467202, 10.970746937560802]]], [[[106.74905781977846, 10.970823901738285], [106.74906855958037, 10.970819907594763], [106.74905968867684, 10.970788411228993], [106.74905781977846, 10.970823901738285]]], [[[106.74967102887035, 10.976273288703165], [106.74967100000003, 10.976273000000049], [106.74965800000007, 10.976204000000049], [106.74964296289184, 10.97612460408643], [106.74967102887035, 10.976273288703165]]], [[[106.74162197871034, 10.984217937754604], [106.74116300000009, 10.982876000000035], [106.74095276693639, 10.982281341721892], [106.74162197871034, 10.984217937754604]]], [[[106.74916679827929, 10.970746037559195], [106.74914915251044, 10.970790716238634], [106.74917600000003, 10.970781000000045], [106.74923800000005, 10.970758000000046], [106.74927208923346, 10.970745265526089], [106.74916679827929, 10.970746037559195]]], [[[106.74927208923346, 10.970745265526089], [106.74941200000006, 10.970693000000038], [106.74941289123154, 10.970689904143928], [106.74927208923346, 10.970745265526089]]], [[[106.74474757537459, 10.962443661836277], [106.74472786631245, 10.962353325715496], [106.74438133164267, 10.962354456134085], [106.74436162269791, 10.962264119978862], [106.74290922444007, 10.962268853380783], [106.74290379655069, 10.962345711459069], [106.74281237504681, 10.962365186009507], [106.74281442156651, 10.962978805818043], [106.74272299986362, 10.962998280358374], [106.74272534781782, 10.963702299645698], [106.74263392588873, 10.963721774178316], [106.74263418989939, 10.963800940259363], [106.74316940118311, 10.963804813813239], [106.74318910991678, 10.963895150059292], [106.7435356465059, 10.963894020839026], [106.74355535535696, 10.96398435705065], [106.74381040607683, 10.963983525670574], [106.74383011501807, 10.9640738618561], [106.74408516579328, 10.964073030239465], [106.7441048748247, 10.964163366398893], [106.7442822078729, 10.964176348110332], [106.74428814877285, 10.964253169095182], [106.74445171366682, 10.964252635547158], [106.74447142282418, 10.964342971671064], [106.74463498775836, 10.964342438020402], [106.74465469697867, 10.964432774126546], [106.74481826195304, 10.964432240373233], [106.74483797123634, 10.964522576461619], [106.74500153625092, 10.964522042605662], [106.7450155426024, 10.964606780531053], [106.74510709281128, 10.964625658499179], [106.7451130339421, 10.964702479446307], [106.74527659904183, 10.96470194543412], [106.74529060548356, 10.964786683338295], [106.74536838748725, 10.964792046117536], [106.7453823939613, 10.964876784014336], [106.74546017598821, 10.964882146767913], [106.74547418249456, 10.964966884657345], [106.74556573283301, 10.964985762475013], [106.74557167409696, 10.965062583400426], [106.74565745729878, 10.965056686446081], [106.7456565876076, 10.964796721645543], [106.74556503732506, 10.964777843850356], [106.74555996118566, 10.963260230537935], [106.74546841138807, 10.963241352669924], [106.74546759513653, 10.962997274249048], [106.74555335118554, 10.962983434162592], [106.74557245586561, 10.962892971374636], [106.74565019979687, 10.962887100726814], [106.74564965921392, 10.962725478514038], [106.74574108056447, 10.962706003119656], [106.7457402109913, 10.96244603828576], [106.74557094419511, 10.962440974299858], [106.74555693784501, 10.962356236393076], [106.74546538833074, 10.962337358498695], [106.74545944721153, 10.962260537550549], [106.74537933019334, 10.962260799122644], [106.74537390294572, 10.96233765718916], [106.7452881470672, 10.962351497210147], [106.74528271979632, 10.962428355276794], [106.74519696388552, 10.962442195274708], [106.74517785910588, 10.962532658049215], [106.74510005114288, 10.96251935195467], [106.74509411010949, 10.962442530992368], [106.74474757537459, 10.962443661836277]]], [[[106.73692253200691, 10.975483940354907], [106.73692300054593, 10.975486775314144], [106.73694295171006, 10.975488151311897], [106.73692253200691, 10.975483940354907]]], [[[106.7368952535891, 10.975396464682769], [106.73683043773755, 10.975391994425856], [106.7368312108423, 10.975396672212764], [106.73689602669486, 10.975401142469421], [106.7368952535891, 10.975396464682769]]], [[[106.73673864809132, 10.975301891291053], [106.73673942119426, 10.975306569078366], [106.73680423702743, 10.975311039356413], [106.73680346392345, 10.975306361569354], [106.73673864809132, 10.975301891291053]]], [[[106.73674512178522, 10.97702416105224], [106.73674498783372, 10.977026931732658], [106.7367650634896, 10.977022655774944], [106.73674512178522, 10.97702416105224]]], [[[106.7367116743134, 10.975216258422922], [106.73669172316737, 10.97521488240831], [106.7367121428498, 10.975219093382742], [106.7367116743134, 10.975216258422922]]], [[[106.7365282638611, 10.974948487400956], [106.73652779532709, 10.974945652440613], [106.73650784419911, 10.974944276412282], [106.7365282638611, 10.974948487400956]]], [[[106.73637119017965, 10.974851078826436], [106.7363719632751, 10.974855756615424], [106.73643677901079, 10.974860226980818], [106.73643600591431, 10.974855549192085], [106.73637119017965, 10.974851078826436]]], [[[106.73627940084188, 10.974760975523507], [106.73628017393555, 10.9747656533129], [106.73634498965183, 10.97477012369968], [106.73634421655713, 10.974765445910542], [106.73627940084188, 10.974760975523507]]], [[[106.73625289578632, 10.974678177557065], [106.73625242725556, 10.974675342595987], [106.7362324761455, 10.974673966547908], [106.73625289578632, 10.974678177557065]]], [[[106.73593326796285, 10.974497015453236], [106.73591284833734, 10.974492804421127], [106.73591331686445, 10.974495639383065], [106.73593326796285, 10.974497015453236]]], [[[106.73588603885207, 10.974408163581343], [106.73588557032542, 10.974405328619312], [106.73586561923315, 10.974403952545458], [106.73588603885207, 10.974408163581343]]]]}}]}